/*
SQLyog Ultimate v11.33 (64 bit)
MySQL - 5.1.49-community : Database - db_studentleave2
*********************************************************************
*/

/*!40101 SET NAMES utf8 */;

/*!40101 SET SQL_MODE=''*/;

/*!40014 SET @OLD_UNIQUE_CHECKS=@@UNIQUE_CHECKS, UNIQUE_CHECKS=0 */;
/*!40014 SET @OLD_FOREIGN_KEY_CHECKS=@@FOREIGN_KEY_CHECKS, FOREIGN_KEY_CHECKS=0 */;
/*!40101 SET @OLD_SQL_MODE=@@SQL_MODE, SQL_MODE='NO_AUTO_VALUE_ON_ZERO' */;
/*!40111 SET @OLD_SQL_NOTES=@@SQL_NOTES, SQL_NOTES=0 */;
CREATE DATABASE /*!32312 IF NOT EXISTS*/`db_studentleave2` /*!40100 DEFAULT CHARACTER SET utf8 */;

USE `db_studentleave2`;

/*Table structure for table `act_evt_log` */

DROP TABLE IF EXISTS `act_evt_log`;

CREATE TABLE `act_evt_log` (
  `LOG_NR_` bigint(20) NOT NULL AUTO_INCREMENT,
  `TYPE_` varchar(64) COLLATE utf8_bin DEFAULT NULL,
  `PROC_DEF_ID_` varchar(64) COLLATE utf8_bin DEFAULT NULL,
  `PROC_INST_ID_` varchar(64) COLLATE utf8_bin DEFAULT NULL,
  `EXECUTION_ID_` varchar(64) COLLATE utf8_bin DEFAULT NULL,
  `TASK_ID_` varchar(64) COLLATE utf8_bin DEFAULT NULL,
  `TIME_STAMP_` timestamp NOT NULL DEFAULT CURRENT_TIMESTAMP ON UPDATE CURRENT_TIMESTAMP,
  `USER_ID_` varchar(255) COLLATE utf8_bin DEFAULT NULL,
  `DATA_` longblob,
  `LOCK_OWNER_` varchar(255) COLLATE utf8_bin DEFAULT NULL,
  `LOCK_TIME_` timestamp NULL DEFAULT NULL,
  `IS_PROCESSED_` tinyint(4) DEFAULT '0',
  PRIMARY KEY (`LOG_NR_`)
) ENGINE=InnoDB DEFAULT CHARSET=utf8 COLLATE=utf8_bin;

/*Data for the table `act_evt_log` */

/*Table structure for table `act_ge_bytearray` */

DROP TABLE IF EXISTS `act_ge_bytearray`;

CREATE TABLE `act_ge_bytearray` (
  `ID_` varchar(64) COLLATE utf8_bin NOT NULL DEFAULT '',
  `REV_` int(11) DEFAULT NULL,
  `NAME_` varchar(255) COLLATE utf8_bin DEFAULT NULL,
  `DEPLOYMENT_ID_` varchar(64) COLLATE utf8_bin DEFAULT NULL,
  `BYTES_` longblob,
  `GENERATED_` tinyint(4) DEFAULT NULL,
  PRIMARY KEY (`ID_`),
  KEY `ACT_FK_BYTEARR_DEPL` (`DEPLOYMENT_ID_`),
  CONSTRAINT `ACT_FK_BYTEARR_DEPL` FOREIGN KEY (`DEPLOYMENT_ID_`) REFERENCES `act_re_deployment` (`ID_`)
) ENGINE=InnoDB DEFAULT CHARSET=utf8 COLLATE=utf8_bin;

/*Data for the table `act_ge_bytearray` */

insert  into `act_ge_bytearray`(`ID_`,`REV_`,`NAME_`,`DEPLOYMENT_ID_`,`BYTES_`,`GENERATED_`) values ('2',1,'StudentLeaveProcess.bpmn','1','<?xml version=\"1.0\" encoding=\"UTF-8\"?>\n<definitions xmlns=\"http://www.omg.org/spec/BPMN/20100524/MODEL\" xmlns:xsi=\"http://www.w3.org/2001/XMLSchema-instance\" xmlns:xsd=\"http://www.w3.org/2001/XMLSchema\" xmlns:activiti=\"http://activiti.org/bpmn\" xmlns:bpmndi=\"http://www.omg.org/spec/BPMN/20100524/DI\" xmlns:omgdc=\"http://www.omg.org/spec/DD/20100524/DC\" xmlns:omgdi=\"http://www.omg.org/spec/DD/20100524/DI\" typeLanguage=\"http://www.w3.org/2001/XMLSchema\" expressionLanguage=\"http://www.w3.org/1999/XPath\" targetNamespace=\"http://www.activiti.org/test\">\n  <process id=\"studentLeaveProcess\" name=\"Student Leave process\" isExecutable=\"true\">\n    <startEvent id=\"startevent1\" name=\"Start\"></startEvent>\n    <endEvent id=\"endevent1\" name=\"End\"></endEvent>\n    <userTask id=\"usertask1\" name=\"班长审批\"></userTask>\n    <userTask id=\"usertask2\" name=\"班主任审批\"></userTask>\n    <userTask id=\"usertask3\" name=\"系辅导员审批\"></userTask>\n    <userTask id=\"usertask4\" name=\"学生处审批\"></userTask>\n    <exclusiveGateway id=\"exclusivegateway1\" name=\"Exclusive Gateway\" default=\"flow5\"></exclusiveGateway>\n    <sequenceFlow id=\"flow2\" name=\"通过\" sourceRef=\"usertask1\" targetRef=\"exclusivegateway1\">\n      <conditionExpression xsi:type=\"tFormalExpression\"><![CDATA[${msg==\'通过\'}]]></conditionExpression>\n    </sequenceFlow>\n    <sequenceFlow id=\"flow3\" name=\"大小3天\" sourceRef=\"exclusivegateway1\" targetRef=\"usertask2\">\n      <conditionExpression xsi:type=\"tFormalExpression\"><![CDATA[${days<3}]]></conditionExpression>\n    </sequenceFlow>\n    <sequenceFlow id=\"flow4\" name=\"3天到7天\" sourceRef=\"exclusivegateway1\" targetRef=\"usertask3\">\n      <conditionExpression xsi:type=\"tFormalExpression\"><![CDATA[${days>=3 && days<=7}]]></conditionExpression>\n    </sequenceFlow>\n    <sequenceFlow id=\"flow5\" name=\"大于7天\" sourceRef=\"exclusivegateway1\" targetRef=\"usertask4\"></sequenceFlow>\n    <sequenceFlow id=\"flow6\" sourceRef=\"usertask3\" targetRef=\"endevent1\"></sequenceFlow>\n    <sequenceFlow id=\"flow7\" sourceRef=\"usertask2\" targetRef=\"endevent1\"></sequenceFlow>\n    <sequenceFlow id=\"flow8\" sourceRef=\"usertask4\" targetRef=\"endevent1\"></sequenceFlow>\n    <sequenceFlow id=\"flow9\" name=\"未通过\" sourceRef=\"usertask1\" targetRef=\"endevent1\">\n      <conditionExpression xsi:type=\"tFormalExpression\"><![CDATA[${msg==\'未通过\'}]]></conditionExpression>\n    </sequenceFlow>\n    <sequenceFlow id=\"flow10\" name=\"学生发起请假申请\" sourceRef=\"startevent1\" targetRef=\"usertask1\"></sequenceFlow>\n  </process>\n  <bpmndi:BPMNDiagram id=\"BPMNDiagram_studentLeaveProcess\">\n    <bpmndi:BPMNPlane bpmnElement=\"studentLeaveProcess\" id=\"BPMNPlane_studentLeaveProcess\">\n      <bpmndi:BPMNShape bpmnElement=\"startevent1\" id=\"BPMNShape_startevent1\">\n        <omgdc:Bounds height=\"35.0\" width=\"35.0\" x=\"110.0\" y=\"110.0\"></omgdc:Bounds>\n      </bpmndi:BPMNShape>\n      <bpmndi:BPMNShape bpmnElement=\"endevent1\" id=\"BPMNShape_endevent1\">\n        <omgdc:Bounds height=\"35.0\" width=\"35.0\" x=\"775.0\" y=\"110.0\"></omgdc:Bounds>\n      </bpmndi:BPMNShape>\n      <bpmndi:BPMNShape bpmnElement=\"usertask1\" id=\"BPMNShape_usertask1\">\n        <omgdc:Bounds height=\"55.0\" width=\"105.0\" x=\"265.0\" y=\"100.0\"></omgdc:Bounds>\n      </bpmndi:BPMNShape>\n      <bpmndi:BPMNShape bpmnElement=\"usertask2\" id=\"BPMNShape_usertask2\">\n        <omgdc:Bounds height=\"55.0\" width=\"105.0\" x=\"595.0\" y=\"30.0\"></omgdc:Bounds>\n      </bpmndi:BPMNShape>\n      <bpmndi:BPMNShape bpmnElement=\"usertask3\" id=\"BPMNShape_usertask3\">\n        <omgdc:Bounds height=\"55.0\" width=\"105.0\" x=\"595.0\" y=\"100.0\"></omgdc:Bounds>\n      </bpmndi:BPMNShape>\n      <bpmndi:BPMNShape bpmnElement=\"usertask4\" id=\"BPMNShape_usertask4\">\n        <omgdc:Bounds height=\"55.0\" width=\"105.0\" x=\"595.0\" y=\"170.0\"></omgdc:Bounds>\n      </bpmndi:BPMNShape>\n      <bpmndi:BPMNShape bpmnElement=\"exclusivegateway1\" id=\"BPMNShape_exclusivegateway1\">\n        <omgdc:Bounds height=\"40.0\" width=\"40.0\" x=\"455.0\" y=\"107.0\"></omgdc:Bounds>\n      </bpmndi:BPMNShape>\n      <bpmndi:BPMNEdge bpmnElement=\"flow2\" id=\"BPMNEdge_flow2\">\n        <omgdi:waypoint x=\"370.0\" y=\"127.0\"></omgdi:waypoint>\n        <omgdi:waypoint x=\"455.0\" y=\"127.0\"></omgdi:waypoint>\n        <bpmndi:BPMNLabel>\n          <omgdc:Bounds height=\"14.0\" width=\"24.0\" x=\"384.0\" y=\"107.0\"></omgdc:Bounds>\n        </bpmndi:BPMNLabel>\n      </bpmndi:BPMNEdge>\n      <bpmndi:BPMNEdge bpmnElement=\"flow3\" id=\"BPMNEdge_flow3\">\n        <omgdi:waypoint x=\"475.0\" y=\"107.0\"></omgdi:waypoint>\n        <omgdi:waypoint x=\"475.0\" y=\"57.0\"></omgdi:waypoint>\n        <omgdi:waypoint x=\"595.0\" y=\"57.0\"></omgdi:waypoint>\n        <bpmndi:BPMNLabel>\n          <omgdc:Bounds height=\"14.0\" width=\"42.0\" x=\"505.0\" y=\"41.0\"></omgdc:Bounds>\n        </bpmndi:BPMNLabel>\n      </bpmndi:BPMNEdge>\n      <bpmndi:BPMNEdge bpmnElement=\"flow4\" id=\"BPMNEdge_flow4\">\n        <omgdi:waypoint x=\"495.0\" y=\"127.0\"></omgdi:waypoint>\n        <omgdi:waypoint x=\"595.0\" y=\"127.0\"></omgdi:waypoint>\n        <bpmndi:BPMNLabel>\n          <omgdc:Bounds height=\"14.0\" width=\"48.0\" x=\"504.0\" y=\"107.0\"></omgdc:Bounds>\n        </bpmndi:BPMNLabel>\n      </bpmndi:BPMNEdge>\n      <bpmndi:BPMNEdge bpmnElement=\"flow5\" id=\"BPMNEdge_flow5\">\n        <omgdi:waypoint x=\"475.0\" y=\"147.0\"></omgdi:waypoint>\n        <omgdi:waypoint x=\"475.0\" y=\"197.0\"></omgdi:waypoint>\n        <omgdi:waypoint x=\"595.0\" y=\"197.0\"></omgdi:waypoint>\n        <bpmndi:BPMNLabel>\n          <omgdc:Bounds height=\"14.0\" width=\"42.0\" x=\"505.0\" y=\"177.0\"></omgdc:Bounds>\n        </bpmndi:BPMNLabel>\n      </bpmndi:BPMNEdge>\n      <bpmndi:BPMNEdge bpmnElement=\"flow6\" id=\"BPMNEdge_flow6\">\n        <omgdi:waypoint x=\"700.0\" y=\"127.0\"></omgdi:waypoint>\n        <omgdi:waypoint x=\"775.0\" y=\"127.0\"></omgdi:waypoint>\n      </bpmndi:BPMNEdge>\n      <bpmndi:BPMNEdge bpmnElement=\"flow7\" id=\"BPMNEdge_flow7\">\n        <omgdi:waypoint x=\"647.0\" y=\"85.0\"></omgdi:waypoint>\n        <omgdi:waypoint x=\"792.0\" y=\"110.0\"></omgdi:waypoint>\n      </bpmndi:BPMNEdge>\n      <bpmndi:BPMNEdge bpmnElement=\"flow8\" id=\"BPMNEdge_flow8\">\n        <omgdi:waypoint x=\"647.0\" y=\"170.0\"></omgdi:waypoint>\n        <omgdi:waypoint x=\"792.0\" y=\"145.0\"></omgdi:waypoint>\n      </bpmndi:BPMNEdge>\n      <bpmndi:BPMNEdge bpmnElement=\"flow9\" id=\"BPMNEdge_flow9\">\n        <omgdi:waypoint x=\"317.0\" y=\"155.0\"></omgdi:waypoint>\n        <omgdi:waypoint x=\"317.0\" y=\"270.0\"></omgdi:waypoint>\n        <omgdi:waypoint x=\"792.0\" y=\"270.0\"></omgdi:waypoint>\n        <omgdi:waypoint x=\"792.0\" y=\"145.0\"></omgdi:waypoint>\n        <bpmndi:BPMNLabel>\n          <omgdc:Bounds height=\"14.0\" width=\"36.0\" x=\"325.0\" y=\"190.0\"></omgdc:Bounds>\n        </bpmndi:BPMNLabel>\n      </bpmndi:BPMNEdge>\n      <bpmndi:BPMNEdge bpmnElement=\"flow10\" id=\"BPMNEdge_flow10\">\n        <omgdi:waypoint x=\"145.0\" y=\"127.0\"></omgdi:waypoint>\n        <omgdi:waypoint x=\"265.0\" y=\"127.0\"></omgdi:waypoint>\n        <bpmndi:BPMNLabel>\n          <omgdc:Bounds height=\"42.0\" width=\"100.0\" x=\"149.0\" y=\"107.0\"></omgdc:Bounds>\n        </bpmndi:BPMNLabel>\n      </bpmndi:BPMNEdge>\n    </bpmndi:BPMNPlane>\n  </bpmndi:BPMNDiagram>\n</definitions>',0),('2502',1,'StudentLeaveProcess.bpmn','2501','<?xml version=\"1.0\" encoding=\"UTF-8\"?>\n<definitions xmlns=\"http://www.omg.org/spec/BPMN/20100524/MODEL\" xmlns:xsi=\"http://www.w3.org/2001/XMLSchema-instance\" xmlns:xsd=\"http://www.w3.org/2001/XMLSchema\" xmlns:activiti=\"http://activiti.org/bpmn\" xmlns:bpmndi=\"http://www.omg.org/spec/BPMN/20100524/DI\" xmlns:omgdc=\"http://www.omg.org/spec/DD/20100524/DC\" xmlns:omgdi=\"http://www.omg.org/spec/DD/20100524/DI\" typeLanguage=\"http://www.w3.org/2001/XMLSchema\" expressionLanguage=\"http://www.w3.org/1999/XPath\" targetNamespace=\"http://www.activiti.org/test\">\n  <process id=\"studentLeaveProcess\" name=\"Student Leave process\" isExecutable=\"true\">\n    <startEvent id=\"startevent1\" name=\"Start\"></startEvent>\n    <endEvent id=\"endevent1\" name=\"End\"></endEvent>\n    <userTask id=\"usertask1\" name=\"班长审批\" activiti:candidateGroups=\"bz\"></userTask>\n    <userTask id=\"usertask2\" name=\"班主任审批\" activiti:candidateGroups=\"bzr\"></userTask>\n    <userTask id=\"usertask3\" name=\"系辅导员审批\" activiti:candidateGroups=\"xfdy\"></userTask>\n    <userTask id=\"usertask4\" name=\"学生处审批\" activiti:candidateGroups=\"xsc\"></userTask>\n    <exclusiveGateway id=\"exclusivegateway1\" name=\"Exclusive Gateway\" default=\"flow5\"></exclusiveGateway>\n    <sequenceFlow id=\"flow2\" name=\"通过\" sourceRef=\"usertask1\" targetRef=\"exclusivegateway1\">\n      <conditionExpression xsi:type=\"tFormalExpression\"><![CDATA[${msg==\'通过\'}]]></conditionExpression>\n    </sequenceFlow>\n    <sequenceFlow id=\"flow3\" name=\"大小3天\" sourceRef=\"exclusivegateway1\" targetRef=\"usertask2\">\n      <conditionExpression xsi:type=\"tFormalExpression\"><![CDATA[${days<3}]]></conditionExpression>\n    </sequenceFlow>\n    <sequenceFlow id=\"flow4\" name=\"3天到7天\" sourceRef=\"exclusivegateway1\" targetRef=\"usertask3\">\n      <conditionExpression xsi:type=\"tFormalExpression\"><![CDATA[${days>=3 && days<=7}]]></conditionExpression>\n    </sequenceFlow>\n    <sequenceFlow id=\"flow5\" name=\"大于7天\" sourceRef=\"exclusivegateway1\" targetRef=\"usertask4\"></sequenceFlow>\n    <sequenceFlow id=\"flow6\" sourceRef=\"usertask3\" targetRef=\"endevent1\"></sequenceFlow>\n    <sequenceFlow id=\"flow7\" sourceRef=\"usertask2\" targetRef=\"endevent1\"></sequenceFlow>\n    <sequenceFlow id=\"flow8\" sourceRef=\"usertask4\" targetRef=\"endevent1\"></sequenceFlow>\n    <sequenceFlow id=\"flow9\" name=\"未通过\" sourceRef=\"usertask1\" targetRef=\"endevent1\">\n      <conditionExpression xsi:type=\"tFormalExpression\"><![CDATA[${msg==\'未通过\'}]]></conditionExpression>\n    </sequenceFlow>\n    <sequenceFlow id=\"flow10\" name=\"学生发起请假申请\" sourceRef=\"startevent1\" targetRef=\"usertask1\"></sequenceFlow>\n  </process>\n  <bpmndi:BPMNDiagram id=\"BPMNDiagram_studentLeaveProcess\">\n    <bpmndi:BPMNPlane bpmnElement=\"studentLeaveProcess\" id=\"BPMNPlane_studentLeaveProcess\">\n      <bpmndi:BPMNShape bpmnElement=\"startevent1\" id=\"BPMNShape_startevent1\">\n        <omgdc:Bounds height=\"35.0\" width=\"35.0\" x=\"110.0\" y=\"110.0\"></omgdc:Bounds>\n      </bpmndi:BPMNShape>\n      <bpmndi:BPMNShape bpmnElement=\"endevent1\" id=\"BPMNShape_endevent1\">\n        <omgdc:Bounds height=\"35.0\" width=\"35.0\" x=\"775.0\" y=\"110.0\"></omgdc:Bounds>\n      </bpmndi:BPMNShape>\n      <bpmndi:BPMNShape bpmnElement=\"usertask1\" id=\"BPMNShape_usertask1\">\n        <omgdc:Bounds height=\"55.0\" width=\"105.0\" x=\"265.0\" y=\"100.0\"></omgdc:Bounds>\n      </bpmndi:BPMNShape>\n      <bpmndi:BPMNShape bpmnElement=\"usertask2\" id=\"BPMNShape_usertask2\">\n        <omgdc:Bounds height=\"55.0\" width=\"105.0\" x=\"595.0\" y=\"30.0\"></omgdc:Bounds>\n      </bpmndi:BPMNShape>\n      <bpmndi:BPMNShape bpmnElement=\"usertask3\" id=\"BPMNShape_usertask3\">\n        <omgdc:Bounds height=\"55.0\" width=\"105.0\" x=\"595.0\" y=\"100.0\"></omgdc:Bounds>\n      </bpmndi:BPMNShape>\n      <bpmndi:BPMNShape bpmnElement=\"usertask4\" id=\"BPMNShape_usertask4\">\n        <omgdc:Bounds height=\"55.0\" width=\"105.0\" x=\"595.0\" y=\"170.0\"></omgdc:Bounds>\n      </bpmndi:BPMNShape>\n      <bpmndi:BPMNShape bpmnElement=\"exclusivegateway1\" id=\"BPMNShape_exclusivegateway1\">\n        <omgdc:Bounds height=\"40.0\" width=\"40.0\" x=\"455.0\" y=\"107.0\"></omgdc:Bounds>\n      </bpmndi:BPMNShape>\n      <bpmndi:BPMNEdge bpmnElement=\"flow2\" id=\"BPMNEdge_flow2\">\n        <omgdi:waypoint x=\"370.0\" y=\"127.0\"></omgdi:waypoint>\n        <omgdi:waypoint x=\"455.0\" y=\"127.0\"></omgdi:waypoint>\n        <bpmndi:BPMNLabel>\n          <omgdc:Bounds height=\"14.0\" width=\"24.0\" x=\"384.0\" y=\"107.0\"></omgdc:Bounds>\n        </bpmndi:BPMNLabel>\n      </bpmndi:BPMNEdge>\n      <bpmndi:BPMNEdge bpmnElement=\"flow3\" id=\"BPMNEdge_flow3\">\n        <omgdi:waypoint x=\"475.0\" y=\"107.0\"></omgdi:waypoint>\n        <omgdi:waypoint x=\"475.0\" y=\"57.0\"></omgdi:waypoint>\n        <omgdi:waypoint x=\"595.0\" y=\"57.0\"></omgdi:waypoint>\n        <bpmndi:BPMNLabel>\n          <omgdc:Bounds height=\"14.0\" width=\"42.0\" x=\"505.0\" y=\"41.0\"></omgdc:Bounds>\n        </bpmndi:BPMNLabel>\n      </bpmndi:BPMNEdge>\n      <bpmndi:BPMNEdge bpmnElement=\"flow4\" id=\"BPMNEdge_flow4\">\n        <omgdi:waypoint x=\"495.0\" y=\"127.0\"></omgdi:waypoint>\n        <omgdi:waypoint x=\"595.0\" y=\"127.0\"></omgdi:waypoint>\n        <bpmndi:BPMNLabel>\n          <omgdc:Bounds height=\"14.0\" width=\"48.0\" x=\"504.0\" y=\"107.0\"></omgdc:Bounds>\n        </bpmndi:BPMNLabel>\n      </bpmndi:BPMNEdge>\n      <bpmndi:BPMNEdge bpmnElement=\"flow5\" id=\"BPMNEdge_flow5\">\n        <omgdi:waypoint x=\"475.0\" y=\"147.0\"></omgdi:waypoint>\n        <omgdi:waypoint x=\"475.0\" y=\"197.0\"></omgdi:waypoint>\n        <omgdi:waypoint x=\"595.0\" y=\"197.0\"></omgdi:waypoint>\n        <bpmndi:BPMNLabel>\n          <omgdc:Bounds height=\"14.0\" width=\"42.0\" x=\"505.0\" y=\"177.0\"></omgdc:Bounds>\n        </bpmndi:BPMNLabel>\n      </bpmndi:BPMNEdge>\n      <bpmndi:BPMNEdge bpmnElement=\"flow6\" id=\"BPMNEdge_flow6\">\n        <omgdi:waypoint x=\"700.0\" y=\"127.0\"></omgdi:waypoint>\n        <omgdi:waypoint x=\"775.0\" y=\"127.0\"></omgdi:waypoint>\n      </bpmndi:BPMNEdge>\n      <bpmndi:BPMNEdge bpmnElement=\"flow7\" id=\"BPMNEdge_flow7\">\n        <omgdi:waypoint x=\"647.0\" y=\"85.0\"></omgdi:waypoint>\n        <omgdi:waypoint x=\"792.0\" y=\"110.0\"></omgdi:waypoint>\n      </bpmndi:BPMNEdge>\n      <bpmndi:BPMNEdge bpmnElement=\"flow8\" id=\"BPMNEdge_flow8\">\n        <omgdi:waypoint x=\"647.0\" y=\"170.0\"></omgdi:waypoint>\n        <omgdi:waypoint x=\"792.0\" y=\"145.0\"></omgdi:waypoint>\n      </bpmndi:BPMNEdge>\n      <bpmndi:BPMNEdge bpmnElement=\"flow9\" id=\"BPMNEdge_flow9\">\n        <omgdi:waypoint x=\"317.0\" y=\"155.0\"></omgdi:waypoint>\n        <omgdi:waypoint x=\"317.0\" y=\"270.0\"></omgdi:waypoint>\n        <omgdi:waypoint x=\"792.0\" y=\"270.0\"></omgdi:waypoint>\n        <omgdi:waypoint x=\"792.0\" y=\"145.0\"></omgdi:waypoint>\n        <bpmndi:BPMNLabel>\n          <omgdc:Bounds height=\"14.0\" width=\"36.0\" x=\"325.0\" y=\"190.0\"></omgdc:Bounds>\n        </bpmndi:BPMNLabel>\n      </bpmndi:BPMNEdge>\n      <bpmndi:BPMNEdge bpmnElement=\"flow10\" id=\"BPMNEdge_flow10\">\n        <omgdi:waypoint x=\"145.0\" y=\"127.0\"></omgdi:waypoint>\n        <omgdi:waypoint x=\"265.0\" y=\"127.0\"></omgdi:waypoint>\n        <bpmndi:BPMNLabel>\n          <omgdc:Bounds height=\"14.0\" width=\"96.0\" x=\"149.0\" y=\"107.0\"></omgdc:Bounds>\n        </bpmndi:BPMNLabel>\n      </bpmndi:BPMNEdge>\n    </bpmndi:BPMNPlane>\n  </bpmndi:BPMNDiagram>\n</definitions>',0),('2503',1,'StudentLeaveProcess.png','2501','PNG\r\n\Z\n\0\0\0\rIHDR\0\0\0\0\0\0\0ݪ\0\00IDATxarA)\\l?X&>Hv,m4TWpVBWIU\n*\ZrKgV])$\\\0\'bm3ưcXg{}w|1a~̼_zt۝y~~nvG\0\0\0\0\0\0\0\0\0;B*\0\0\0CH\0\0r\0\0\0P!\0\0\0!\0\0@9T\0\0\0(\n\0\0\0R\0\0B*\0\0\0CH\0\0r\0\0\0P!\0\0\0!\0\0@9T\0\0\0(\n\0\0\0R\0\0B*\0\0\0CH\0\0r\0\0\0P!\0\0\0!\0\0@9T\0\0\0(\n\0\0\0R\0\0B*\0\0\0CH\0\0r\0\0\0P!\0\0\0!\0Ү^塡\\.dzJBP*jZ͂#\0RmbbB3Po܎G[h4Y\Z߰aUn\Z!\0RZX,xBcb-?%ٸ\n)EH\0LBcUS֭FT\0@\ZfBH/x B\ZR\031118xkcN	Rly(FCR\0R3\'g\Z(Aܹ׮BZ.T\0@JbX<o[_\n!M{lwq7҅\n\0HB0dx(:s!/yqp^[{Ϝ<gAO]쩋ųwvڸ^*/a`` CR\0f>`Ư9!-3q^{.[\'ļ8qQE6L?2F_Ν퍻.T\0@dcq(2w_K+7-.8(4\rQٽ/5C\\:<xiC	6HAYbaZۏ}|;+cXŃ$K@Mt8\0HTuvai5JH]΋wDC\\{oq(۠H*:\0N\'!鍗ƧW5/ 9+޻(~kjͧXH~}SUh\\$	\0Rg!UFKsAfeA}SŎϯӿ~͚_swN7UEE\0 Z~uKwH]\\,1˜z!>\\m>4x{ݺx.NSwko$@\rlj7/h̒^}}ߡtuGvtg{^yЛ_u൩G;7UED\0 ]\Z8ƮOjc!|Lҟ~펩*Z4.\0鲊GoѣgHR :\0HS3:ԥ)[	Ci\"~[͏r}\Z5Ȟc(śCp cQ-*)\0F{Mm1=+Rߥ[lM$\0@ryfffH[\04G1ǽm6C)B*\"F\0$M^ˌzWp\rgUKKtaҼy_\"p\0~UW]uw*.ԓs+][m;gۃB\n!d}$ɴ/ҕ漼=8*mT\0JٴP(`*CGÚ5kWhXVťgR;^0N]y+:+k\'VE\0@QƓJ%cLV3B[6{rlm\':,N?wvsK߰k֮)D\0MLLh599h㽽|>j|<egϮ7:?SaՠH\':\0(Rr9[B[dJ%hFc\'꾽ܞ(=u_4my3\"p\0HYIo3K˶m7v ӕS.t8\0P맦>$k7;,֝}&疾arÈ.t8\0PHR)\nqE52ֽ9M-yTkrq7҅\0\nqE5C۱NGe>w	xyj=vxq7҅\0([\r-ۯq{NT+B*G\0UZ4(BHEp\0͛7}S-TD\0r|zdZ^>BiR1:\0F3FiR1:\0\"ɸ~CRv!*4C꫔v!*hW(\'\"F\0U{Ô\n*d2oLOBDp\0\nB@4[˔lMtaB\0UR1:::<|8D	^_zX,tH&D\0P!5\Z333..(KJ%C0!*YI \\?CC\rÄ\0 F^r_7!)evvG6՞ѐ:L\0\nBj\0ū>\'\\H#&D\0P!5bSSS2)R<fH\"\0\Zz><\\n,FfgEJ6Y.ЭBN^VWXSs!]@ԸLNN߃r쬨͛7g2*\"\0!BDUD	\0TAHF\"\0\nU&D\0P!2jHVpL\0\nB*&L`B\0UR\0DUt\"\0 sL\0\nB*\ZUggg>h	\0TAHE\"QuDUǄ\0 \"Q1!*H<*cB\0URDU\0 \"ŲiӦaB\0URB2nݺUFbHT\"\04+JDUX1!A?P.3iOZs5P(gtwW!5&n\n\n\"Ą7\Z}v8zB\"]\rd%IBj\nn*!hVɉrpp\'\Zk9)]AH[mDUt\\ǀ1!~\Z600mO,4)^=n:!5Jn]Fw\\-U(iÄ)5\"ſ<ٛoK{(1\ZݕJ6L[uJo޿eCq7atk:L3 e܇k~Zt\Z#Fѭ&\"T*yܒRq+Ue˖4FH;ۈ\\nrr2cA(\\l+ׂr!a=8oZa8c}\Zvυ8$^oWyonqɟ>s̞?u.v^yh{c_Qb)/kF[ll6AZ6IxF=o3ѐ	5DTM]8cOk.)^CX7^N|#cB6=|@cQ8,,y!So-lE1SG^8|\\\nܹӽVk9Ffӛo{۶ɵ65p\\H_ݞltGHJQ+Ȉ;>|>/)˫[|bpϞmWZg\\Ol,E_Ziqy(Eq!>hل}ͥtmEEBOE3Kg.5#7YM\r0\Za&,R\";\\b-{3Tiُǟ|nOԏ~\r\rys~Ça>7趎^Ik\'=B׉X\\ΚEznQ .m cķC؉wVƲXh.o_<hoʪkekk3XQBɩ2^\ndUCu6j{;13NLLtwr)xr```֭2vSHi㫐e5!s\r\"w\\[ڶq>C۶uWVYV%qxwN4X^}O==?`oJM`\0Ftv3׻۲Jq&s%mT-W6btG3%|>/S,׻/L+f:u8܎I[6mZakr݃׸m$;	Xӳ1KO;g{žo\\{ҕW][vTUTO#:76rjx9xiވ>e廌_^okϱ`tG6c7==](|ڵko&&bhr7/ڶѻ!U_ӅCCCmSkK*<A5.ՙ-|D>}kuKQ,s-.{_{5}E!;ko*jޖx6\ZO>giJOs,ݑnExEU9E_@K	c|O廿߼K&\\WG8Pe.˫Nr?_̔^Vs	rwKaqC;+ٙpAs-͋w⽺8=/Bs^}SUVQfgoDޢ 	5Sm9]űK^3;ѭgTmkk_m{|i|>OmQ4;55kODɜ\Zu 6\'Ŷ2]7v.{7w:KZR^}}ߡtuGvtg{^yЛ_u൩G;}9h\0-TU3xBfNHgl%]W:co=ǂVUKoog>ƓMoٲ|؃̻]IpU~gRIH\r	l1і}R~]eZ2|fӟ~펩*\nFt-ڭ&.T#\\Fu^J\'R9Fdfƽ+oFs!&\nwLS__9c<e%)B{YQ6nw֭A $bHֻ<DkZsZ2vnYuH\rkj7OupV- {;ѭGu]g|\ndR1\\sԏ~lmll,SIr:\"dB]\n_N}CƶE[m{vvκc2>n͛=S9׫̙PuYr;k~o۶rOYkk wo(1*vL٬h.Ư|+|~jpp*0>	(uRs;Ei$i\"ׄjәSjjbt3fffb&ٴi1=ɮgΙ߼ys窍$wţݏDmT>i.cQ-^V\'\Zl9՚Pɩa`t3}ezq9}HE\\3d)\Zeݺu|EdػvKJ	3:rj݌n/\'Jz\Z,r{nK%S+.2RX,\ZR޲exx8Mr1elnI2f<&o=5kͩpM/U&ft{r)7Ɲ_]_7n!,%é`ӦM[n\r5>|E9rĘ/qۭ,c)_wCo=u+2HB%ft{?v~Ec9w$)\"{%*Gg3qhr.̘2nusy!זT|M\Z#3LTank3D\Z6^A,3@2FߐKqS\\čg2,$)\"s&_ꪻ|;-Z=W^I2Oi[Orj˄JN:Ĝx]r5q\0>}tA=PM]#;}ڵo<DؖNvXwk^v},뭶\r͹[a ]T&m{\'>mG -]¶=<bC{BzR0sqg=PM]f_>|8\Z&ʚ5k̹$j*.=v׋[OۖB:;cqjD|:̩?rD{kqݶ;\Zn*\0>}Ԑt=PM]ꇤ\ZI.Ft=ȟrټ9z1vkig?^{\ZҩcFƿ`9\'̩$T/an^<AГ7̧X5vGbh0]׭[&|>9-!wtBe;Ǹ\Z4JS]\'>	5>9#:u΍7Rn?=x6v>00%	Ncccv\ng!xÆ}RTJ+sYނsyL^9sTM%ctS-/G?$ftQjE-[\r\rE~ZJHSϲPCD\'xGƥ˶-u9un:8sWB59M%vb/~:`Cvk]Vܹ.r*0v.#r\'w()9Z1>#X͗g^5/>k<KtR̩6|dOrT^P;@6|ϭ5?PH3@JFw&1jr|..懤J|f\\@p	o=yܧ\"ͮV7w},fmzܕ޺{q7|r׷9ucnמ&D6dtɟQWk׮ⓩ_6cB!SF*:\\d,OK䳟})Ҝnhtz^zyGG9trͩz*s*	5^9H]f>C8rHWᓟ]we~iuC0KNSD\\;y\Z5sMٮ>.IX9sڼ|0	59$}Fs<O΄f/B4_5FvYTG3SM>u$é˷dCg.I(ݒe,?ZHftX?_җd7~_޸^N}J%xE-pj֭;7iNs{nI2vs*	݌nF7nh~2q___>T*2Ś.å^\'̈́;99k)9N)jUοW.N_~O(XXPѝ-X&){-e4gݏ߹k*$4Z:\"~}t	Çe%E)G(d,c$009xyfer,OꮻZ~}ZuޥRX?N.^t=zǝwZ:zw8j5=ٹsz>j.cQ-/cQj$Ԑ06Լ٬@Un`M2ʕO}2Z7WWM9\0dW?n{۶rSU)}X|o*	5<nxj	囙jHooouy444;:_ӑrx?|m2:Z^}qr\rmFs{nqPCNrtt\'KX,Q\'9:ДөN=WTdw~mF&rWCe|W(m1EXs*	5dnOOD\\b-R.P(lݺgOEDON7oaJ[EeL5FN=z	5n3ʟ=#k4Bw8 .|鉭eJjl6ӕ̦rq%FѝK<#;\n;A<	j/\Z$뮓!k_ZďTL6}%`)-h/&;xSr\\TzGFg>k a`B<ش,^)Q!W-0f<v\'O]y7xc,lLz}qj߄8H/;j;n4R#tt[lP(XuוJ\'?ju`j\"4ū5LO\\#FѭV\'ӨF,aJ6:B8KH6*	ctk1\'x͐;;|jw1!iqxX*BjU.`n Fѭ螙)S?O}J澾>9l\ZBjw1!A٧X_xwЭr%Y\ZF\nۈ2*w4	ЏVRzSmxY@?̉IE\"ʹmxY@?̉IE\"ժ\r591hYtPf:S6<,ĤeF<PVŰ\r591hYAb⩁ajsbRѲHS6<,ĤeTɋmxY@?̉IE\"yd<5%/\Zf0\'&-$1i,ajsbRѲHS6<,ĤeTS6<,ĤeJ~TS6<,Ĥe#O\nTmxY@?̉IEB/f<Xbð\r591hٸr<442LOZs5 CgTj>5F<50lCCaNL*Z62Ʉ}v8zB\"]\rdȨ.\r6<,Ĥe#VՊO,4(rS2ʙư\r591h(Ʉ:00mO,4)^=nݺK]P~RXl&ԋ܎gon.u1lCaNL*Z626 ߼˖n4E1lCaNL*Z6\Zz=ɼ}rx̝p/TոNEP~FT*f%dWʖ-7<<wөajsbRѲ(\nO/ꭃ?x!^žű\'3{Şy^<{Q|g硍=/R^?500wөajsbREֲ^b4l6{9ȳܲ8(>X~Op!N̋L]]?x`s),sNt*JP\n591bncnW{Qq_K+7-.8(4\rQٽ/5C\\:\r\Z/%<,ĤR?}&kѣsAYbaZۏ}|;+cXŃhѸѣZCaNLzuԕU9v͠fY	Kyh0?{zzo\r;vT-\Z7zTKxY@?̉IdBjVYwQnUgbxxwk_5c!umMUѢqGÜT<W*\r\Zd>zG\"Ʈ4kf^XWI=uQ[?׬.\n17/ϯq^}SUlQ-f0\'&U.QӲlFFmy/uȃ\\\\,1˜z!>\\m>4x{ݺx.NSwko=%<,Ĥ*R)G8ztϱ-7UWw8c?GڮM<rmwyGa%<,Ĥ2	)ԇvy~׻?!kWmҟ~펩*l,P~ZfP!{]3[oָP-f0\'&XrV7kkϱ[	KS-*iP~llll]߭7fH=EiٚZCaNLzdfgg>$k(fWTKxY@? t\\.Q$Y3Ki0]Q-ftRm[3k3Gcdd$S\\.{}}W3R-WTKxY@?ov\Z5<<kZ#GꫯJH%vjOϤ	m]tD&_TU/2^q7pYfHy܉mo^;yЀ{)פZC$)BUWZ&C|^^KSUW]uw*xi΋m|ݪ*ZC[.fֻl`{LǱjbbB\\.ײNJ}vGۖGܿυ:\"%<, syݽT^\0Zf9\n\nM2WUqԷ;){b]7.87hh:[UETKxY@?-Dkun3\nj5Kg{G,v>?em?}peۭ:YcW1P~DgtM7kE?~7g2aۇ$4s[]/zqټy!e)jЏלh{6vFTg[eU*RQaԖtJ}3oY񊶄P-f}l2\"x\'\'5~ti`u>n:Q-ftR{,ϛnO:ޖgX-Ұ^]<͸NETKxY@?̉@\'. ;Ƹͽpէwөj	59D3d^X~>[wөj	59D3Jy+ǜwtn뱜gu\'wөj	59D3[y\\Q-f0\'h)fWTKxY@?̉@\'.ZCaN:!GJjs\"ЉfH}naqEÜtRv3+%<,D͐*j	59Doo_Uy\\Q-f0\'d2oaJ[js\"Љ|>e2%xyl6wө	9<,Dw*/=\\,n:1!Ütbff&܅eq\nXTn:1!ÜthdŦe%H?\rn4E1!Üt^r_7!RlsθMQLf0\'VW!)^E&T\'\'ńjs\"SSS2(R<f&\'%R\ZrxY@?̉@b.wc\nRWCCBN^TǄjs\"]Zzz\ZUԸE=Lȡf0\'\"CaN\0E0!Ü\0`B59\0js\"\0(	9<,D\0PrxY@?̉\0&P~@Lf0\'\"CaN\0E0!Ü\0`B59\0js\"\0(	9<,D\0PrxY@?̉\0&P~@Lf0\'\"CaN\0E0!Ü\0`B59\0js\"\0(	9<,D\0PrxY@?̉\0&P~@Lf0\'\"CaN\0E0!Ü\0`B59\0js\"\0(	9<,D\0PrxY@?z=\0\0RCDd2333q\0\Z\"jtG\0i7;;Q$!O.(\0 fff2LGXT@?bT*}\0v|>H,B*PeN(\0 F>\"Vl6\0qEbR-)\0l&CH466y渏\0ҋy8lT@Kow;>4b\0!d.(\0 Rb\0DllllӦMqER\rZ\0@bHB!D&ΰ\0 $ZmllLNB*r!UΞ|^^KS+t:::Z(yf!Hz>11!Cj.\0tLNÕJC\0\0\0\0IENDB`',0),('3',1,'StudentLeaveProcess.png','1','PNG\r\n\Z\n\0\0\0\rIHDR\0\0\0\0\0\0\0颁\0\00IDATx\\}\rA޶)lL?&^HvN4T[pFBWIUd\n*T\rYPr;U<+ɶ^ca1Y0q<g7kܹ{/Y39\0\0\0\0Q}\0\0\0\0@\"\0\0v\0\0v\0\0v\0\0v\0\0v\0\0v\0\0v\0\0v\0\0v\0\0v\0\0v\0\0v\0\0v\0\0v\0\0v\0\0v\0\0v\0\0v\0\0v\0\0v\0\0v\0\0v\0\0v\0\0v\0\0v\0\0v\0\0v\0\0v\0ryhh(e2]sWP(JZ[ I\0699)۷onǎG,,.+0>>ayMdV9@ܑ\0jbqppػhv2Oˋ3;;\"I\0t$c=8OjO<ĺuժb$\r\0QXl4܎goTwS$i\0v&\'\'o^\\ӂo}-[Pi@\0zLťs mk~R: vH\0\0Jbtl7skiնla]I\Z\0B0xyqnyB]o.ygni>sԮ?u.vϞy`㦻j/}i``@uC\0%<̈===sBYG\\7/cyQKG/o,>FΜUu@쐤\0zť9p|vY/>o̓Y8(>Z5!J#I乫8 \n\0NHHç&<$Nj}#[RH/߶V-O	mT\0h\'$yf4m5I/gsbQ\\{og>ۺZv(U\0$I?BJt[VOxwsbK+|vO$/ﵭUKD*\0@;\'i/$_ju5pls+k\'΋+_\\{g5}y!wNﶭUKD*\0 ~LuI$ٌcaԢxAwzյ?uqr^,snۺZDt.1\0\\m`#xFF\Zln|7LT^[yaߡ_9]t{oΣoUgojQ\0#\"캰҉[$}ھJ ٭VԪ%sQ\06ᆇr84$\r\0\0?Z^v&$!GU\0Fg๾ d5	Z-\n(AU\0.I(ȟe\ZIZ-}\nBU\0@|>v-D#IOkų7\n\0@\njP#IZm$i\0\0͡CWįqۣ$sZ$\r8Q\0\\r/뮻sy[\rv@%7B<Mu]\nU\0H~뗪\\qwyLB>I37khu;=j۸?7j$i\0pjjjdd$wQ&i%Xޖ{I\ZU\0&tPY&驋5k֘ /`R^~flwoG:47<P؎^b\05^~P},	SՌdf.o\\6m$c6c#7wsIDn_h(\'knYaDU\0@MNN755@ѣ|>`m}.}2cngˮVZzO0Tu([T\0D.?D^RF<a36bݗߔKGѺVi;Ȼ;\0EbtF̕jBrxvú{b>?q`B9e]U\0~iGfvͺϖ?\\7{C(i;]U\01211Q(TE5\"[A-|!^pmPNYuCU\0@IGrdyv1^mgף1nagء*\0 .fggUE,=nohI\'l$\rt\0h$ôVI\Zp*\0 .6o<66(үߤHҀU\0q*Drj#INT\0F~j#INT\0E&qN>+VI\Zp*\0 .j4VI\Zp*\0 .H*h$h6U\0qARFoos{WVZj<?\'\0₤L&(k<?\'\0₤|>*-x{l6a IGctttxq@XTu@0j@\\QV/^B\'&&Tw;\0$Ȍ$~ZV.NQ\0$z}yz߄lV{^uqĨ\r\0qARRRBySSb IGlzzZѿb/&&f3h6\0I:zz}x]_*>#˴Zm\\m\\bqllL^4E6\0IZ){744T.Zn޼9ɐ6\0EI\ZI0;;K\0$i$y\Z$i\04<\r1j@\\PFj6\0I\Z&3LҙL<\r}0j@\\ihQ\0$ OC\0$i5OΪ> |\0$i7oLF0j@\\bz}ll<a I#HFm\044AFj0j@\\3OoڴZ>\0$ihH[<],HFm\04tV*HFm z^.r{t%]^B =p!\\=$iEnC<daho܎YX\\ԳsW`|||Æ\riOuGIZ;MFR0jMj59{N|xBθ IGyuyZ333\0ڀ9`c4ēO[:G՝.˲\ny\Z1Ĩ\r)<Ϳ=oݕx$(Qɪ	4bQ49998xR}nNK6tdV7y\Zqè\rLťs mk~R#IGNzuڀRT,ΚW~u-ږ-7<<$\r;m\\.755X/F40g_45+76d·>W\nqtY(^ŞSŮyV<{^|o灍V>)i/[Kd	ҳiH$#{h;\Z2F\ZP\" l\'e6M^]7=mWtYP>|_mf[\\:c49!άSKqV{.űyq켨%7^:a;sK|kRrÜ7xm 0U8UmY-;y\ZbPG^)\n\\.7}X^^DpZg˶;gqt__߇\'/.Mn처_^}hie?$%qjQ|(d>\\;gZ[1If2b.,.x|6>hKee`>|˪Pݪۢ>SyTuH\rYu/d?܎\Z\'~VShcTƛf쵑`IDZW{\Zi,d#9긹\"\Zs/﷭Uk7}ֵXXcѺeq2k62u[Vꎸ#fp,r97.n*w{G<%*mffFֳ=͙ҫ|\r&ߧƋI4ࣶeߵm뺮? j[c_εYXba~>{==+ٻ϶V.>l|jƊ3Fw1L_B\ZXzܒvcGTw4խFOe\rekׯw/L&]#TI4::*?mm\\7mo4ykBu݂b[H7p_Y/O\'ωN΋=ߺ/˯X١;>1~ym]ZݧO>m:ebt´N#WӋRrҖ#nfff\nO^v\r7Shr\".෾m/v}ږ{OП\rɫ7444<<RzQ9񎫦A=LQg\0¹G>}՞|Y3܊Չb^_jM߯|_t^yqv~uŝӻmjڸX\\&ActW_v}zܦAYuǄWeL:_җ\\MN盇)wJ&sS,Us2F+mhr;jg_땃5ޱչ? Z*flPNӋ//Gx.>Bζ;wUkʛON$KWmYX)zTwd+<~xV_uU7lW`3-Ow溽ӑ1쪈c90mAF:el\'j\Z]v7;V}6_ns2=Syao}^|vҁ{¾7:;nM	дO8aiKuަy׵/~q3޲TwdCf.J[eN+笯>eK3.3XTJCUh\'ope{\'I:xpeY[>1w=}՞\\}w{ӟzmEZXIىϖMô)x/H;o{-rKAYuǖlڹ_~_o.044d>$gN^3#X)KS1!Sb6ƍwoݺ5L|ɹb]gMiz՞\\{jk;IY&y{1:Wk|p~q Ȗ#غ{)]s5NLLwj=ST:B	ۛ&۱wxd\\xac[uu}棶-;7h{y^gt_Yk?Z3I\\\'p9c_6\\vmRt+X[z(JTw4gîI61χ2sS&=Ugv=w(5V[h\rdg6b1v/LkꦺjXd26m2JOVw2;c~͛U+檈Z^u5Ҙk?=׶\'Fla\Z	@uS>d}uw=qUllO)\"LZTE4&ˣK1h֭ct\"Әkߧ4kshS0n/\'LKa m6YƖ[\ZcY\"2RX,v5I?eMrqݍvja5<yL>_n95Lݷ5F?S-QT熜ʍ$qㅏa*OTElڴi֭]M)CڕW^9>>n{V֟a/	MQT&?u76~z%nHCUD>j3O4=%\\bk]vu]g}1kI~獮.G2pg	]nD2^ﺀ ܐSP7&t9d#\rU];k;=wFάO4UloW+N#?ZuE-8otc\rҗ{10/v-12^4AݣjHMu<7Ͽ҄nT5@h\\btЛum}Y-l	1:l.R>OmÀ[0eoI(%lܲӵG6Cw,\r}l6$i\'*k֬1B\'*ջ7c7lK\Zngu玺tvƖUjD|<3332LdӊvLnAWQnTmE֨yn_!ޥ	K\0/C6\ZiGr뮻r|1k\\g;^[=ڥS3O#´O^Q>,m}vZ>dpGTTs|ѽ,Xc|t*bX,Z=m/[NѣG{{{|&Ӵ1ټn||&HsE*7q^sTաQôkԧ>e\'L}t]ZԮƝ;wpHGu?7Tn\\z\'W46>004TEL}H&\r_S}211Q*\\?XK9:Q98dl5`ݨϓ~{ϙv:qbnTkuhz; 55mCܲP\'nIIUāInWEc9\Zz8]ma[2ȣ^(Tu^1/m}81m_Fv`g{iu\ZtJb\\:Y΄;ˡظOIUDt(KZ1=ꔳR\rY7kvݗ{<\'uwlb7llxhsR\'FwBn+:yZ^|G]\Z4L&c\\C4Ѣ*\"7x|硇UF\ZSۡS˶m]oZ\'\'L{}ѡk,[9kI-{\rD6hR\'b\\k׆WolPP}Uz.ƧJb3OQ#přm{㳺~sE׽~.\\ô0M6^,RBs]̧#@{_Owqa}g^4wA	Lz\"&m)Иit\rߚN^lw4׆GՃYA>:Kҧ_^}gf!\Zl#9bFM6>u,=U_p\\%gST^\Z3aZ-Msm7k#FꦺժY|+Lcʹc)o9}SQ֭[֟\Z/Xii1׾IkiV41:tT7-ƍOp2j yc7ctooԔ3F*bR0o[nyɧTkk\'Fֹed2b|w-mI|WenZvITP$g>,c8NVE|++ht̵unn3Co޼xE\\\'uw_R8W~$ֽDRmn}1:Œ]1WLy}sgC[DT\ZsV[(5:qbtPݺU3C/r6)4X,ٝ}tppк⼩#ݒZI!T۵fe2?ضM.=ߔZcZmɝk:qbtPTW6ɘ\0kHooouy=444ğ^\"d!\Z~[dPvႼg26|Z>dsV[Z\\NUT-OnHXtMN;)/IUt7㉉	Y_ZHr7GoosVV^Ԓ5Ƅ5L#@ue%a9ZN\\P(lݺס\0\'ķ~fe 6n0}btV忑2%Su4;B<Ž*\0Uӓ[Wīʏ٬K*e FGN_u+Ү]/HҀ;^j?,=3ENSuІkF&o|AUl{VZV(KЪy:PnUeh6!}M6idզ\n-H?\rٿ$-!IGNtuzllL;+~˯z%Oz=	fgwd_vd#IGNhu[3DGR(q5הJ%U?Je`JeBW%SS#IGNVu\'CϐM1jMLOOvt/GsԿ4 IGNDu*C{1#=_4\Zbcp1TgK\\B!\'o IGsuWbmx?p\'˶᪫\"IkQJZoM+nӭnI\"TU2333 Ų=1jOuEzH^3\re9Hgehe9HgJml5GV,t333S(l3$wZѳЇ%䭢l5GV,tml5GV,-e@j;YT2$wZѳHs\rVst?<iE\"MЦl5GV,Aml5GV,Nml5GV,kbbbZehe9HgD2C\niǢ\0e9Hg,fQ},PaN+zVz^.r\\&ѕ<wyd2.JZ犑M=~ yӊUbrrR&Ho܎YX\\ԳsW`|||Æ\r<\\dhVst?<iEFVc[X\\YۉO<-/ꎊ5Vst?<iEFI聁l{laq՞xuUU_~ yӊRXl4܎goTwW|QaN+z627/.iAڷ}-l5GVl4z&yxuq-H;ڵ_T*.([@0p=RT,ΚW~Nu-ږ-7<<∲$wZѳ(\n/b̓?xsQ6/ϋ=sKcv-]ux7ݭ<*i/PuqDj;\"Y́E#<oq	qfEZ-B_sg\\8(͋cE./\rܙ.RVh$wZ)Oҭ.c.KsFyvY/>o̓Y8(>Z5!J#IbۡjqY4GVO҇\Zoxp[VOMxfI<\'/,PվG$+b_|ym]Z\":7z\\@0pUooo^`G!&7>֖k5j^\'ΊĢk鹴?`]q}ujqY4GVLK_&)\\QO7<9iٌww<\';->8/|ꫯ.bgD^ۺZDtn,aNvpmdt\Zif6Q}5Ŏݕ/~՚_s;wժų7h;rTb<>|xz; >6q2LZ/N/x|.Nwm[W΍Est?<iU,KRqzgG-+gKùn|7LT^[yaߡ_9]t{oΣoShIұe$wZ߽]X<O$G-op]%FھME[oU*e$wZU*l6]=^e\ZI$nUˢ9H:9>ϥf-mY$!>Uˢ9Hۼys\rC-}FK[F>Akų7h;z&U} iHZm<,	bϝο\nLMMr9Gf$>Fh$m\ZΜnC+r#Izj]qY4GWb^W|p>j$:d<qۣ$it,5i iPpMNNf26ݪz~%O.뮳>H?ﰙmk>;\r:PNY]Est?<$i3\n;xuۻFXjL2Oyy#O~W\\qŝw)h<뼙qYg;^?~0^#.~ y3uul{Ϝ2Ir w҂o߼Sۊ%ֹ}R#.~ yzkbk͚5f\Z!JE\\xMNzGmںY֚mKgWˢ9H5+;i5iAFj5)f.o\\6m$c7\\o/cgGݙmuƦilqY4G?p;SkDXKbѣ|>>.	6m 7=SEst?<^uem[bv蟤]_bkbbT*~t7tm.`>5wxotpY4Gp	e@*5\"NOhtnzömf}Y8h$cyڕp{1۹\\s\ZbAe:쎵7B<M]G\\@0phD̷ClA6賌񐹀sI=Mo[`ۧˢ9HndV-v.fOi8hD#Y	Ye38Wt.\\k_|ɪ8hD#Yy\\qY4G\rtߤy\\qY4G\rt$MEst?<@\'dy\\qY4G\rtߠy\\qY4G\rt+V#+.~ yN4V#+.~ yN;oe5ZKEst?<@\'2o?rRcqe$7Љ|>*-x{l6Yst?<@\'FGGTM~XzX,8b@$7Љj~\\}ϊ8@\n?PuqĀ9HnC#6WhAah(bYst?<@z.b?ͿfPTi1ŀ9HnsJe`JeBW1Z15/d@0pazt/GsԿXc@$7z><\\/vvY!j*~hhP۪(5G\rkjjX_AOO_ߕCC70[Yot?<\0Ța`@$7\0~ y &5G\r\019Hn\0	d@0p@L0 k\0bYst?<\0Ța`@$7\0~ y &5G\r\019Hn\0	d@0p@L0 k\0bYst?<\0Ța`@$7\0~ y &5G\r\019Hn\0	d@0p@L0 k\0bYst?<\0Ța`@$7\0~ y &5G\r\019Hn\0	d@uG\0 I\'TUG\0 Ig```ffFQ\0fggUT\"Iɓ妦T\0Zf2GH@R(\0@w|^Q@%4<2F0(\0@w#\r*T*lVQ\0ꣀJ$i C\0Pkvv6𙤚#I466yfG\0b I	U3\01@jjj*˩>\n\0I\ZHo\0\"666i&GX I6<<kb\rI\ZHL&322;\0KjؘlySH@\Z!^&i9yyPtttP(vͼ`4z}rrR&\\.\0N\'&&x\\8\0\0\0\0IENDB`',0),('32502',1,'StudentLeaveProcess.bpmn','32501','<?xml version=\"1.0\" encoding=\"UTF-8\"?>\n<definitions xmlns=\"http://www.omg.org/spec/BPMN/20100524/MODEL\" xmlns:xsi=\"http://www.w3.org/2001/XMLSchema-instance\" xmlns:xsd=\"http://www.w3.org/2001/XMLSchema\" xmlns:activiti=\"http://activiti.org/bpmn\" xmlns:bpmndi=\"http://www.omg.org/spec/BPMN/20100524/DI\" xmlns:omgdc=\"http://www.omg.org/spec/DD/20100524/DC\" xmlns:omgdi=\"http://www.omg.org/spec/DD/20100524/DI\" typeLanguage=\"http://www.w3.org/2001/XMLSchema\" expressionLanguage=\"http://www.w3.org/1999/XPath\" targetNamespace=\"http://www.activiti.org/test\">\n  <process id=\"studentLeaveProcess\" name=\"Student Leave process\" isExecutable=\"true\">\n    <startEvent id=\"startevent1\" name=\"Start\"></startEvent>\n    <endEvent id=\"endevent1\" name=\"End\"></endEvent>\n    <userTask id=\"usertask1\" name=\"班长审批\" activiti:candidateGroups=\"bz\" activiti:formKey=\"audit_bz.do\"></userTask>\n    <userTask id=\"usertask2\" name=\"班主任审批\" activiti:candidateGroups=\"bzr\" activiti:formKey=\"audit_ld.do\"></userTask>\n    <userTask id=\"usertask3\" name=\"系辅导员审批\" activiti:candidateGroups=\"xfdy\" activiti:formKey=\"audit_ld.do\"></userTask>\n    <userTask id=\"usertask4\" name=\"学生处审批\" activiti:candidateGroups=\"xsc\" activiti:formKey=\"audit_ld.do\"></userTask>\n    <exclusiveGateway id=\"exclusivegateway1\" name=\"Exclusive Gateway\" default=\"flow5\"></exclusiveGateway>\n    <sequenceFlow id=\"flow2\" name=\"通过\" sourceRef=\"usertask1\" targetRef=\"exclusivegateway1\">\n      <conditionExpression xsi:type=\"tFormalExpression\"><![CDATA[${msg==\'通过\'}]]></conditionExpression>\n    </sequenceFlow>\n    <sequenceFlow id=\"flow3\" name=\"大小3天\" sourceRef=\"exclusivegateway1\" targetRef=\"usertask2\">\n      <conditionExpression xsi:type=\"tFormalExpression\"><![CDATA[${days<3}]]></conditionExpression>\n    </sequenceFlow>\n    <sequenceFlow id=\"flow4\" name=\"3天到7天\" sourceRef=\"exclusivegateway1\" targetRef=\"usertask3\">\n      <conditionExpression xsi:type=\"tFormalExpression\"><![CDATA[${days>=3 && days<=7}]]></conditionExpression>\n    </sequenceFlow>\n    <sequenceFlow id=\"flow5\" name=\"大于7天\" sourceRef=\"exclusivegateway1\" targetRef=\"usertask4\"></sequenceFlow>\n    <sequenceFlow id=\"flow6\" sourceRef=\"usertask3\" targetRef=\"endevent1\"></sequenceFlow>\n    <sequenceFlow id=\"flow7\" sourceRef=\"usertask2\" targetRef=\"endevent1\"></sequenceFlow>\n    <sequenceFlow id=\"flow8\" sourceRef=\"usertask4\" targetRef=\"endevent1\"></sequenceFlow>\n    <sequenceFlow id=\"flow9\" name=\"未通过\" sourceRef=\"usertask1\" targetRef=\"endevent1\">\n      <conditionExpression xsi:type=\"tFormalExpression\"><![CDATA[${msg==\'未通过\'}]]></conditionExpression>\n    </sequenceFlow>\n    <sequenceFlow id=\"flow10\" name=\"学生发起请假申请\" sourceRef=\"startevent1\" targetRef=\"usertask1\"></sequenceFlow>\n  </process>\n  <bpmndi:BPMNDiagram id=\"BPMNDiagram_studentLeaveProcess\">\n    <bpmndi:BPMNPlane bpmnElement=\"studentLeaveProcess\" id=\"BPMNPlane_studentLeaveProcess\">\n      <bpmndi:BPMNShape bpmnElement=\"startevent1\" id=\"BPMNShape_startevent1\">\n        <omgdc:Bounds height=\"35.0\" width=\"35.0\" x=\"110.0\" y=\"110.0\"></omgdc:Bounds>\n      </bpmndi:BPMNShape>\n      <bpmndi:BPMNShape bpmnElement=\"endevent1\" id=\"BPMNShape_endevent1\">\n        <omgdc:Bounds height=\"35.0\" width=\"35.0\" x=\"775.0\" y=\"110.0\"></omgdc:Bounds>\n      </bpmndi:BPMNShape>\n      <bpmndi:BPMNShape bpmnElement=\"usertask1\" id=\"BPMNShape_usertask1\">\n        <omgdc:Bounds height=\"55.0\" width=\"105.0\" x=\"265.0\" y=\"100.0\"></omgdc:Bounds>\n      </bpmndi:BPMNShape>\n      <bpmndi:BPMNShape bpmnElement=\"usertask2\" id=\"BPMNShape_usertask2\">\n        <omgdc:Bounds height=\"55.0\" width=\"105.0\" x=\"595.0\" y=\"30.0\"></omgdc:Bounds>\n      </bpmndi:BPMNShape>\n      <bpmndi:BPMNShape bpmnElement=\"usertask3\" id=\"BPMNShape_usertask3\">\n        <omgdc:Bounds height=\"55.0\" width=\"105.0\" x=\"595.0\" y=\"100.0\"></omgdc:Bounds>\n      </bpmndi:BPMNShape>\n      <bpmndi:BPMNShape bpmnElement=\"usertask4\" id=\"BPMNShape_usertask4\">\n        <omgdc:Bounds height=\"55.0\" width=\"105.0\" x=\"595.0\" y=\"170.0\"></omgdc:Bounds>\n      </bpmndi:BPMNShape>\n      <bpmndi:BPMNShape bpmnElement=\"exclusivegateway1\" id=\"BPMNShape_exclusivegateway1\">\n        <omgdc:Bounds height=\"40.0\" width=\"40.0\" x=\"455.0\" y=\"107.0\"></omgdc:Bounds>\n      </bpmndi:BPMNShape>\n      <bpmndi:BPMNEdge bpmnElement=\"flow2\" id=\"BPMNEdge_flow2\">\n        <omgdi:waypoint x=\"370.0\" y=\"127.0\"></omgdi:waypoint>\n        <omgdi:waypoint x=\"455.0\" y=\"127.0\"></omgdi:waypoint>\n        <bpmndi:BPMNLabel>\n          <omgdc:Bounds height=\"14.0\" width=\"24.0\" x=\"384.0\" y=\"107.0\"></omgdc:Bounds>\n        </bpmndi:BPMNLabel>\n      </bpmndi:BPMNEdge>\n      <bpmndi:BPMNEdge bpmnElement=\"flow3\" id=\"BPMNEdge_flow3\">\n        <omgdi:waypoint x=\"475.0\" y=\"107.0\"></omgdi:waypoint>\n        <omgdi:waypoint x=\"475.0\" y=\"57.0\"></omgdi:waypoint>\n        <omgdi:waypoint x=\"595.0\" y=\"57.0\"></omgdi:waypoint>\n        <bpmndi:BPMNLabel>\n          <omgdc:Bounds height=\"14.0\" width=\"42.0\" x=\"505.0\" y=\"41.0\"></omgdc:Bounds>\n        </bpmndi:BPMNLabel>\n      </bpmndi:BPMNEdge>\n      <bpmndi:BPMNEdge bpmnElement=\"flow4\" id=\"BPMNEdge_flow4\">\n        <omgdi:waypoint x=\"495.0\" y=\"127.0\"></omgdi:waypoint>\n        <omgdi:waypoint x=\"595.0\" y=\"127.0\"></omgdi:waypoint>\n        <bpmndi:BPMNLabel>\n          <omgdc:Bounds height=\"14.0\" width=\"48.0\" x=\"504.0\" y=\"107.0\"></omgdc:Bounds>\n        </bpmndi:BPMNLabel>\n      </bpmndi:BPMNEdge>\n      <bpmndi:BPMNEdge bpmnElement=\"flow5\" id=\"BPMNEdge_flow5\">\n        <omgdi:waypoint x=\"475.0\" y=\"147.0\"></omgdi:waypoint>\n        <omgdi:waypoint x=\"475.0\" y=\"197.0\"></omgdi:waypoint>\n        <omgdi:waypoint x=\"595.0\" y=\"197.0\"></omgdi:waypoint>\n        <bpmndi:BPMNLabel>\n          <omgdc:Bounds height=\"14.0\" width=\"42.0\" x=\"505.0\" y=\"177.0\"></omgdc:Bounds>\n        </bpmndi:BPMNLabel>\n      </bpmndi:BPMNEdge>\n      <bpmndi:BPMNEdge bpmnElement=\"flow6\" id=\"BPMNEdge_flow6\">\n        <omgdi:waypoint x=\"700.0\" y=\"127.0\"></omgdi:waypoint>\n        <omgdi:waypoint x=\"775.0\" y=\"127.0\"></omgdi:waypoint>\n      </bpmndi:BPMNEdge>\n      <bpmndi:BPMNEdge bpmnElement=\"flow7\" id=\"BPMNEdge_flow7\">\n        <omgdi:waypoint x=\"647.0\" y=\"85.0\"></omgdi:waypoint>\n        <omgdi:waypoint x=\"792.0\" y=\"110.0\"></omgdi:waypoint>\n      </bpmndi:BPMNEdge>\n      <bpmndi:BPMNEdge bpmnElement=\"flow8\" id=\"BPMNEdge_flow8\">\n        <omgdi:waypoint x=\"647.0\" y=\"170.0\"></omgdi:waypoint>\n        <omgdi:waypoint x=\"792.0\" y=\"145.0\"></omgdi:waypoint>\n      </bpmndi:BPMNEdge>\n      <bpmndi:BPMNEdge bpmnElement=\"flow9\" id=\"BPMNEdge_flow9\">\n        <omgdi:waypoint x=\"317.0\" y=\"155.0\"></omgdi:waypoint>\n        <omgdi:waypoint x=\"317.0\" y=\"270.0\"></omgdi:waypoint>\n        <omgdi:waypoint x=\"792.0\" y=\"270.0\"></omgdi:waypoint>\n        <omgdi:waypoint x=\"792.0\" y=\"145.0\"></omgdi:waypoint>\n        <bpmndi:BPMNLabel>\n          <omgdc:Bounds height=\"14.0\" width=\"36.0\" x=\"325.0\" y=\"190.0\"></omgdc:Bounds>\n        </bpmndi:BPMNLabel>\n      </bpmndi:BPMNEdge>\n      <bpmndi:BPMNEdge bpmnElement=\"flow10\" id=\"BPMNEdge_flow10\">\n        <omgdi:waypoint x=\"145.0\" y=\"127.0\"></omgdi:waypoint>\n        <omgdi:waypoint x=\"265.0\" y=\"127.0\"></omgdi:waypoint>\n        <bpmndi:BPMNLabel>\n          <omgdc:Bounds height=\"14.0\" width=\"96.0\" x=\"149.0\" y=\"107.0\"></omgdc:Bounds>\n        </bpmndi:BPMNLabel>\n      </bpmndi:BPMNEdge>\n    </bpmndi:BPMNPlane>\n  </bpmndi:BPMNDiagram>\n</definitions>',0),('32503',1,'StudentLeaveProcess.png','32501','PNG\r\n\Z\n\0\0\0\rIHDR\0\0T\0\0\"\0\0\0q\0\01@IDATxl}q6YRk`muRvĲR^X8k,Hxh\ZC\n\rK<}5UwK]b7%дalǖ8a;8U8g٦%J|?Q:soy<~>KH\0\0\0#\0\0\0\0\0@\0\0\0\0\0 ?\0\0!\0\0$\0\0 A\0\0\0	B\0\0H\0\0@\0\0\0\0\0 ?\0\0!\0\0$\0\0 A\0\0\0	B\0\0H\0\0@\0\0\0\0\0 ?\0\0!\0\0$\0\0 A\0\0\0	B\0\0H\0\0@\0\0\0\0\0 ?\0\0!\0^Jl6NSI%]|>_,knA\0\0VTdo۶m/n~ѹF#%]}\"#AG\0\0	U\nwO5(k𔌀rLOO(\0H\",UٵkNMM.\0HBL~)zqa\"\0RјSA|hGUw\ZBC\0$K^Oj_̹׬BZUu\0,bP(4ϛu{K?zD744\0 Y39ncB_o5;3?O?yf];΋.8aU{_u!?\0@d2C&JqnQ͉B_?SȟlE1UG^>|O}~͜;ӣ\0 Yz{{?<}1?csMK?o<y!΋3\rQCԄxaϫ7̒ۮ:\0\'Y<gf;kܼ8}A-\\ZV}>Oxob\nwrvDU# q\r>oXY3;׬ NψsիSS|{7QEH\0H6\\\nv[暕k3f/ ;+>(zonէ\"ye*-:AБ\082]\n}kY3.{_s˧UE!ff٥;coJEt$\0_ˏ.uJz2,ߙxNwԚ̊⃺8=+d۱{*-:AБ\08>gqg[/pWxkduwzg_w}oāzz=w[fobH\0Hz\"\n|>E>hWhb?.UZt.# Y\\?ĭ>q$#(_Б\0 >ڭ,# AZV^\\fnE[	\0I<yyGkV>ڭ()BG@yS[omkSV4{@G\0bT*MMMTE\r:\076wl6ϩvt$\0 nUW]eko>(\\Xx/j/rIz7S]\"Lt$\0 |uw}2KJ\\J?VVb\0\r2>>><<,NJr^^ޚS:\0\"Mf|>#yUVY*$w`Z{wez;}W:4WlL(kGu\"t$\0D$_\\Vj5#e2_,J0tbezkym79\r{n\rec5+S(T*2n?ӓА̂[y蝕ԕs>kvvw%״l-5CU\"\\t$\0DN\\fȂ}X,]_oF+,c%D込ܞ;u_ZfnDGБ\0-2:g)-N.˗m˸+v 	eUwAG@[nbbBu+⬙+1/9M%}CgBL[3TwAG@|>1LEo.gkYsKz=eUkBd]pБ\0!\\RnE5ѕhuzɿy^Zc\\vm\nZu!t$\0Dt__V_Xa,گq{ŶJ?0*_bё\00tjAG@TlڴittTu+ޢ-_lБ\0lOubS/6H\0\n>;M\"	\0QN]j*nb=ޠ-_lБ\0\\^-ؠ# *8vGOOυQmglБ\0\\#N;,]q|	\0Qɵ;rs-5*xQa&Qu\r\0D;FFF[⣅BAu!L4\0d>wgQJ|C8h\0 *]3d U*NChh\0 *]S׳/NLMOodҵK;\ra uSZ_]?!S^5=L&&\Z\0\n_MLL72B죜U.?ɤI~D\0QAz>4Tfo)V/~p|>+/[wWP;MQw!L4\0?UeK!,J555iӦt:M\Z\r\0DELOOD\0QAFb A;D@1\0@T)#\rj5AL4\0?hM>40h\0 *\"`1\0@TD(c !fpzzZusp	\r\0DdFM6\0룣D(` !QD\0QACBb !QqƩ)I&\Z\0\nHF-[X(D\0QACE\"`w0\0A?OK`63T*=Lg+ESm&v\rHR<7l۶ۏ=:h$=066~zOLs#ESM(&\Z篜N{b1GYԇIBޯ\n_1#>(s䤪6\rG,Uٵkѭ.J<0,L4B<7\\/v.ѭ.D0\0*:͇6o~Tu5nMG70L4zN=9՘@sYj4FFBL4bX(\Zͺ=`Wj\Z\ZRu\Z#u;ۈlv||\\u[4D	v:<x0\Z7--X {?qncB_o5;3?O?yf];΋.8agj%ʾ	9MSZ2yG\'!_C6θZ)ˮr^7[^uiFZL&s9f8(̋y!I]uwO6ĉYq⢘#/h>=p.5stOOOx62vmۺUú\0\Z[Z!%09z\\wf/rRg[D^wYJOv{铍/م~?ݿy[Bg\Z⣆]Wdʻ0BFʾƼ١܆Kgs.5#ZO	fUݪFwu\'ʋŢz\Z\ry#C$y|=\Z~Ïhݺu~hE:  [G=絒T!m=4f_͋¥O~|{KC(暧]7Q=kk1XQ2]\n}d]m6֬ˣXT]<˓xe-[dFCGGjmrrDݫvܵ~Wq_--ψ-S[m8mX*yekNkaA:/ޟ\r!fg3WRWR=wzoo.\0Ntfwog#ř:.i#yM,)H;[-y\Zr|*[(k[nNCyNЩ#u422\"e|qeϭ^\05x2-_IZƬT{gCoxWҵ׭WvD2vO\':W6+e_|W˝2~/֚`twmt+799}\"5knV&OąBv~ߴ\'-)=ү#u!b驧Կh9>2S[<g[}.<4Ys.{_s˧UE!ff٥;coj{ޖ$?e4:St-+:dJ06#+et/4y\n=_?rϰ=iy3Nyvd\'Rg\n,άo5I˹ؿ1A{oZ\Z?6X<Ci{gN/Gx.>ӳB vcoj{<;hKlA9];űK>FwFw8#෿m㨾ٖ\'_#?>[|GLLLt}=ݑ588gN27YvNI7ׅ眙 c-m~۫o`ubs_uû^=ݯ|;Ҿ7wso?oO\Z|}(x3Y3h}+q2`twmtGoo|3\'q[ۼygm]>c\r2GFqȨYɫ\Z{F}%/l\'\\޵-/<4OY_}\'쮻lwLTzhw6j7̏zq}yk+=f%]ݑ%s^&v^{-7ɳJ5#GMOGF<!&?6lx`˖-A\Zdpǯ|bog\\}5-𱖧yz8M[Aܳ]5?8~y Ț`twmtGC=7tikrټryY\\M_7׉wO~i}b-zwYV皝+lV|Y:=,|H[yH9u\0G3S\":5k|o?]g^{[7u;;ʆ\\\'L&#r\\.I(|_|:2\n=__	<=ڭ8B9E_b1NSSSB!Noܸzrxd(g3nڴIB%\'v?ү\'䡣zyzj}zXg?k#uC/c=C<QlW&#b٣J~F]6R}J!8g>|BnF3Ksc ߑ]S,BGc7\r\rX)J^<=LSVNm\0o俖݌n/>ǆ<NO6\\zSSyL:2\n6nܸe˖4:oÇ!巷9ߵ^$Zbt3?M\'qc֭S8tdDr99::rg?VQׯ*c(^s57|o-\0%:Q꺴{ۜ/`#vH4-k(1\ry*7n	]čӊOqȈЇX9y2Pb׫뮻3އ/]Xx/2zZ϶U<NA<m}{WkݮC̹5-Ǡ]j96y	|P{ &`\nC]H贅ueǲj[m\\r?ڶO|[~?\Za%!l\\#lOulH%`t0U&_h2ku!XYj9MrjVs^j?lK\ZkVݫ]sLNNw-G{{\r$vG_^֬҅ 60C\'t3tdtCe__,JDezz8`Cf>>\ZG>/`#ykΡCXdpgT,Fa>ىʕ_:2\"\nX;Q;vZv\rǏ?r\\:\Z\ZTs~|\'ܺr\n~|cwlЉm&\\\'>	5>磣uY2Ɲ;BlS驧B?v萱~UoCGFh,.ׯ\rr\\,]?C!ypN>Dv9xL^드t?#ڝ%Z^slMmC??yobґQ #gDG@RQIќ%^KmlKr\n}Uw]8W3϶#2_sv֖[]V]\'ٙsT`\\FO즎CX4ދ.X%B/jˮ庤\Z;Qqb2ۧ8<Vnvw۠>Z@2鴱\'ƞ	$n~ȟё]W~r71A|̺~ǲ-f[Uy-\rTuQ$-wpsn%5	ߥk3@BFɟj͚5!>;4VUo\"/Tz]ЉOg?V	Ҝ.O.[_\Z[7oꮋ(m2:aǿ׀uRׁ溘>9it?Cr\'?y֗ع|(tdDJ﹇b99P+;_Jخ:g\"uBǿs>#9`d/B4_33_=jɍ7%w`<z˒99ڭ8:!?[.F7{jjQҗt:mcuen[ɷ}s/Zvڰa1Py7+qv+Ni7Bftːa5{{{s\\\\6[ږU\'=i&qu[|tdTUV̀rw>ޠ$s7_I2B`g[Rf5yA;wJAl8td4Z}N~:$$O9VSV<N]H~N6cߦM_Kܨ{wݺuwڔe.Ӻ;lO}=ה#ᯣj~v̹o=ڱHMM-!ng3_L&3d(X.驧W{Mv.%ի32m*˩_uyzR햾%|9ngɬ0jpOOOڵkn\Z;<lHɾ_N7*ٶ_PtGnxzPH~N薉mdd\'KP(<\'9\'&&VSGNQ.ZOyL~RIW$paT[!\"xn:BMZmr|~˖-|JOcǞ_\\<DUG%u;ی}gמLA;w$J.{eQF7?d2NW2ɓɯJb{n{Վ\ZOW}G{;q\Zݪbᦛnk_ZwLs{A*`h|+/;x3\'=}39{&\Z𒍋U*HGѭ6c訪\\㚟rr-J<L4z~qb߄8@Ls՝7_05\';QaK7tSXT؞0\0~jj,$U ϣO.ѭNͧ\rĄ<C)gˏg2QQq@2F;RO~w~\'抉hMN7CClbo_bUW|V^VE1A>FwGTPN3Kԧdön q#Gu}}}⭷;BuJ*\nۈ}2]E&\'\'bM5~h\0DӶr)/Fa_8 zI]38lk1\0\ZA\"ժϠկ\0tk=LFgqb\0:5Er?j\Z.~-\\ Y$AlbAa_8 zgqb\0:5E\\/ts\rg?2e:[Z@ǹAг3gˣկ\0tk=xHH38lk1\0\ZABw}~-\\ Y\\.[.QϠկ\0tk=ߟ\'&&TE~-\\ YŌ}ۢVqA*zT*\rft:J*r0W,k#R\Z[Z@ǹAгJT*zd۶mۋ۷9ztHfm{`lllr]>~-\\ .jBa``Ļ\'\ZsN}xJF@sUwT8lk1\0\ZAvL~\\cgڵkTwWt8lk1\0\ZAvSPh&n]:[Z@ǹAг]SThש o>y;-ts\rg^wON5/PAjk|Z(qb\0:5bX(\Zͺ=bWj\Z\ZRuQկ\0tk=|~EcB_o5;3?O?yf];΋.8aszeDꮋ\"~-\\ ֳ^Ww\ZLСsFɭܢ83/>~$uէݑ?\'fŉb.̋|߹̹===.ts\rP]\\R铍d;/م~?ݿy[Bg\Z⣆	Wo&UKݢ_8 臿#Ojv>qdkVΚ%=7/N_sj~\'[|Ƣk]7QEvEqA===z3K1psZr\0f-qxF4ͬ^J]Jwܻo*-:t-s\rH*Vau96E?Mf;c⽳⃋boƫV}z+ߞWҢsOݢ_8 .<W\Z<qW|+kY3.{_s˧UE!ff٥;co*EqAlv||ӏb?-\"~-eY3\rxlc5?uqzVc}UZtn[k1\0\ZQ(be%ߠkVಷo=XWݹWl/<͝ߜ8p[<[n!):Z@ǹA<ч<策|]>W@ׯ?.UY%t-s\rVLBx/kTnUEݢ_8 yKmfmY!nEOqb\0:5htttӦM獷Λzn[kf;E[Mt-s\rtzzzZuC>-fW:Z S2>W:=C8ig||<ͪnE5Twnѯ\0Vl[`8hxx/&JTf-+w~-O^Fr\\VS->|81ۭ?_t-\n3o\rʑWRI`UW]e\\s7l}~2Wb[}4\Z߫al..w~-g7)ǿ.Z&ß\\N^F__/뮻P4ㅅV^z|Yׯ7f۫WHݢ_x5-Oֻ,`{:Ns1 #KR/Ͷepr%|eѶkV=Hݢ_ksS9ZUV $sZ{w%eysm]mm-[V(qb\0-\Zks.j?AnjqHg2_,J0tbX2֟>d{8ְ6X>,w~-?8kX[\rD{zzr\\:\Z\Zi	lzyBn)ߕEkl.BW YrX,~_\'_u.`M{>wxEF_[k1sOFx_\'5f*:IcCߒε?l\\g=+j]E:Z`%/eyϕp{йT8bY2[KLǽBL]E:Z@ǹf*:bY2M%״lgL]E:Z@ǹfz;\nBeׇ˱kL]E:Z@ǹf:\ZJY^~ۣ;:q.X|ֳUuQnѯ\0tkh#TJݢ_8\0oQ3+w~-\\D\"w~-\\DAvǕEqޤ-fW:Z@ǹfR3+w~-\\DG3A[<t-s\r===._\\|jy\\[k1\0\Z :c/.*fW:Z@ǹ\\.\\eˢx\n^oTdTw]8!b\0:5@t\rݧ<NU/>V(Tw]8!b\0:5@tLMMe2P߻(R+rH	Yq\"exE*9՝Q:Ns\r)z=Ŀ	qj;-tk1\0\Z jjj,$U2ɔ<>.\'dZ@ǹ	FFR3HqB֯\0tkhCClbo_bUW|V^VEQㄬ_8\0Q6>>^(i_߯J^?8xE)\r\'dZ@ǹ\0bI	YqXqB֯\0tk\0 tk1\0\Z\0%\'dZ@ǹ\0bI	YqXqB֯\0tk\0 tk1\0\Z\0%\'dZ@ǹ\0bI	YqXqB֯\0tk\0 tk1\0\Z\0%\'dZ@ǹ\0bI	YqXqB֯\0tk\0 tk1\0\Z\0%\'dZ@ǹ\0bI	YqXqB֯\0tk\0 tk1\0\Z\0%\'dZ@ǹ\0bI	YqXqB֯\0tk\0 tk1\0\Z\0%\'dZ@ǹ\0bI	YqXqB֯\0tk\0 tk1\0\Z\0%\'dZ@ǹ\0bI	YqXqB֯\0zzzV\0\0\0\"NOMMn\0+\'\'\'U\0nzzOu+FfU\0njj*NnE~\nBXT\n\0HJTm?@?2\0tM[6jdT\0.U*խh\0\0鴎E4::i&խ\0w&Zkʿ8ߝ\0I$Lt5>>fU\0HO] \ZE\0ƍUbކr\\VS\0z^(N~@RIÚ	\0D{ttTNk\"q g%䬔\r\0B!ӑ|>/\'M6olzRfS\0P\\\0\0\0\0\0 ?\0\0!\0\0$\0\0 A\0\0\0	B\0\0H\0\0@\0\0\0\0\0 ?\0\0!\0\0$\0\0 A\0\0\0	B\0\0H\0\0@\0\0\0\0\0 ?\0\0пT\0\0\0\0IENDB`',0),('42502',1,'StudentLeaveProcess.bpmn','42501','<?xml version=\"1.0\" encoding=\"UTF-8\"?>\n<definitions xmlns=\"http://www.omg.org/spec/BPMN/20100524/MODEL\" xmlns:xsi=\"http://www.w3.org/2001/XMLSchema-instance\" xmlns:xsd=\"http://www.w3.org/2001/XMLSchema\" xmlns:activiti=\"http://activiti.org/bpmn\" xmlns:bpmndi=\"http://www.omg.org/spec/BPMN/20100524/DI\" xmlns:omgdc=\"http://www.omg.org/spec/DD/20100524/DC\" xmlns:omgdi=\"http://www.omg.org/spec/DD/20100524/DI\" typeLanguage=\"http://www.w3.org/2001/XMLSchema\" expressionLanguage=\"http://www.w3.org/1999/XPath\" targetNamespace=\"http://www.activiti.org/test\">\n  <process id=\"studentLeaveProcess\" name=\"Student Leave process\" isExecutable=\"true\">\n    <startEvent id=\"startevent1\" name=\"Start\"></startEvent>\n    <endEvent id=\"endevent1\" name=\"End\"></endEvent>\n    <userTask id=\"usertask1\" name=\"班长审批\" activiti:candidateGroups=\"bz\" activiti:formKey=\"audit_bz.jsp\"></userTask>\n    <userTask id=\"usertask2\" name=\"班主任审批\" activiti:candidateGroups=\"bzr\" activiti:formKey=\"audit_ld.jsp\"></userTask>\n    <userTask id=\"usertask3\" name=\"系辅导员审批\" activiti:candidateGroups=\"xfdy\" activiti:formKey=\"audit_ld.jsp\"></userTask>\n    <userTask id=\"usertask4\" name=\"学生处审批\" activiti:candidateGroups=\"xsc\" activiti:formKey=\"audit_ld.jsp\"></userTask>\n    <exclusiveGateway id=\"exclusivegateway1\" name=\"Exclusive Gateway\" default=\"flow5\"></exclusiveGateway>\n    <sequenceFlow id=\"flow2\" name=\"通过\" sourceRef=\"usertask1\" targetRef=\"exclusivegateway1\">\n      <conditionExpression xsi:type=\"tFormalExpression\"><![CDATA[${msg==\'通过\'}]]></conditionExpression>\n    </sequenceFlow>\n    <sequenceFlow id=\"flow3\" name=\"大小3天\" sourceRef=\"exclusivegateway1\" targetRef=\"usertask2\">\n      <conditionExpression xsi:type=\"tFormalExpression\"><![CDATA[${days<3}]]></conditionExpression>\n    </sequenceFlow>\n    <sequenceFlow id=\"flow4\" name=\"3天到7天\" sourceRef=\"exclusivegateway1\" targetRef=\"usertask3\">\n      <conditionExpression xsi:type=\"tFormalExpression\"><![CDATA[${days>=3 && days<=7}]]></conditionExpression>\n    </sequenceFlow>\n    <sequenceFlow id=\"flow5\" name=\"大于7天\" sourceRef=\"exclusivegateway1\" targetRef=\"usertask4\"></sequenceFlow>\n    <sequenceFlow id=\"flow6\" sourceRef=\"usertask3\" targetRef=\"endevent1\"></sequenceFlow>\n    <sequenceFlow id=\"flow7\" sourceRef=\"usertask2\" targetRef=\"endevent1\"></sequenceFlow>\n    <sequenceFlow id=\"flow8\" sourceRef=\"usertask4\" targetRef=\"endevent1\"></sequenceFlow>\n    <sequenceFlow id=\"flow9\" name=\"未通过\" sourceRef=\"usertask1\" targetRef=\"endevent1\">\n      <conditionExpression xsi:type=\"tFormalExpression\"><![CDATA[${msg==\'未通过\'}]]></conditionExpression>\n    </sequenceFlow>\n    <sequenceFlow id=\"flow10\" name=\"学生发起请假申请\" sourceRef=\"startevent1\" targetRef=\"usertask1\"></sequenceFlow>\n  </process>\n  <bpmndi:BPMNDiagram id=\"BPMNDiagram_studentLeaveProcess\">\n    <bpmndi:BPMNPlane bpmnElement=\"studentLeaveProcess\" id=\"BPMNPlane_studentLeaveProcess\">\n      <bpmndi:BPMNShape bpmnElement=\"startevent1\" id=\"BPMNShape_startevent1\">\n        <omgdc:Bounds height=\"35.0\" width=\"35.0\" x=\"110.0\" y=\"110.0\"></omgdc:Bounds>\n      </bpmndi:BPMNShape>\n      <bpmndi:BPMNShape bpmnElement=\"endevent1\" id=\"BPMNShape_endevent1\">\n        <omgdc:Bounds height=\"35.0\" width=\"35.0\" x=\"775.0\" y=\"110.0\"></omgdc:Bounds>\n      </bpmndi:BPMNShape>\n      <bpmndi:BPMNShape bpmnElement=\"usertask1\" id=\"BPMNShape_usertask1\">\n        <omgdc:Bounds height=\"55.0\" width=\"105.0\" x=\"265.0\" y=\"100.0\"></omgdc:Bounds>\n      </bpmndi:BPMNShape>\n      <bpmndi:BPMNShape bpmnElement=\"usertask2\" id=\"BPMNShape_usertask2\">\n        <omgdc:Bounds height=\"55.0\" width=\"105.0\" x=\"595.0\" y=\"30.0\"></omgdc:Bounds>\n      </bpmndi:BPMNShape>\n      <bpmndi:BPMNShape bpmnElement=\"usertask3\" id=\"BPMNShape_usertask3\">\n        <omgdc:Bounds height=\"55.0\" width=\"105.0\" x=\"595.0\" y=\"100.0\"></omgdc:Bounds>\n      </bpmndi:BPMNShape>\n      <bpmndi:BPMNShape bpmnElement=\"usertask4\" id=\"BPMNShape_usertask4\">\n        <omgdc:Bounds height=\"55.0\" width=\"105.0\" x=\"595.0\" y=\"170.0\"></omgdc:Bounds>\n      </bpmndi:BPMNShape>\n      <bpmndi:BPMNShape bpmnElement=\"exclusivegateway1\" id=\"BPMNShape_exclusivegateway1\">\n        <omgdc:Bounds height=\"40.0\" width=\"40.0\" x=\"455.0\" y=\"107.0\"></omgdc:Bounds>\n      </bpmndi:BPMNShape>\n      <bpmndi:BPMNEdge bpmnElement=\"flow2\" id=\"BPMNEdge_flow2\">\n        <omgdi:waypoint x=\"370.0\" y=\"127.0\"></omgdi:waypoint>\n        <omgdi:waypoint x=\"455.0\" y=\"127.0\"></omgdi:waypoint>\n        <bpmndi:BPMNLabel>\n          <omgdc:Bounds height=\"14.0\" width=\"24.0\" x=\"384.0\" y=\"107.0\"></omgdc:Bounds>\n        </bpmndi:BPMNLabel>\n      </bpmndi:BPMNEdge>\n      <bpmndi:BPMNEdge bpmnElement=\"flow3\" id=\"BPMNEdge_flow3\">\n        <omgdi:waypoint x=\"475.0\" y=\"107.0\"></omgdi:waypoint>\n        <omgdi:waypoint x=\"475.0\" y=\"57.0\"></omgdi:waypoint>\n        <omgdi:waypoint x=\"595.0\" y=\"57.0\"></omgdi:waypoint>\n        <bpmndi:BPMNLabel>\n          <omgdc:Bounds height=\"14.0\" width=\"42.0\" x=\"505.0\" y=\"41.0\"></omgdc:Bounds>\n        </bpmndi:BPMNLabel>\n      </bpmndi:BPMNEdge>\n      <bpmndi:BPMNEdge bpmnElement=\"flow4\" id=\"BPMNEdge_flow4\">\n        <omgdi:waypoint x=\"495.0\" y=\"127.0\"></omgdi:waypoint>\n        <omgdi:waypoint x=\"595.0\" y=\"127.0\"></omgdi:waypoint>\n        <bpmndi:BPMNLabel>\n          <omgdc:Bounds height=\"14.0\" width=\"48.0\" x=\"504.0\" y=\"107.0\"></omgdc:Bounds>\n        </bpmndi:BPMNLabel>\n      </bpmndi:BPMNEdge>\n      <bpmndi:BPMNEdge bpmnElement=\"flow5\" id=\"BPMNEdge_flow5\">\n        <omgdi:waypoint x=\"475.0\" y=\"147.0\"></omgdi:waypoint>\n        <omgdi:waypoint x=\"475.0\" y=\"197.0\"></omgdi:waypoint>\n        <omgdi:waypoint x=\"595.0\" y=\"197.0\"></omgdi:waypoint>\n        <bpmndi:BPMNLabel>\n          <omgdc:Bounds height=\"14.0\" width=\"42.0\" x=\"505.0\" y=\"177.0\"></omgdc:Bounds>\n        </bpmndi:BPMNLabel>\n      </bpmndi:BPMNEdge>\n      <bpmndi:BPMNEdge bpmnElement=\"flow6\" id=\"BPMNEdge_flow6\">\n        <omgdi:waypoint x=\"700.0\" y=\"127.0\"></omgdi:waypoint>\n        <omgdi:waypoint x=\"775.0\" y=\"127.0\"></omgdi:waypoint>\n      </bpmndi:BPMNEdge>\n      <bpmndi:BPMNEdge bpmnElement=\"flow7\" id=\"BPMNEdge_flow7\">\n        <omgdi:waypoint x=\"647.0\" y=\"85.0\"></omgdi:waypoint>\n        <omgdi:waypoint x=\"792.0\" y=\"110.0\"></omgdi:waypoint>\n      </bpmndi:BPMNEdge>\n      <bpmndi:BPMNEdge bpmnElement=\"flow8\" id=\"BPMNEdge_flow8\">\n        <omgdi:waypoint x=\"647.0\" y=\"170.0\"></omgdi:waypoint>\n        <omgdi:waypoint x=\"792.0\" y=\"145.0\"></omgdi:waypoint>\n      </bpmndi:BPMNEdge>\n      <bpmndi:BPMNEdge bpmnElement=\"flow9\" id=\"BPMNEdge_flow9\">\n        <omgdi:waypoint x=\"317.0\" y=\"155.0\"></omgdi:waypoint>\n        <omgdi:waypoint x=\"317.0\" y=\"270.0\"></omgdi:waypoint>\n        <omgdi:waypoint x=\"792.0\" y=\"270.0\"></omgdi:waypoint>\n        <omgdi:waypoint x=\"792.0\" y=\"145.0\"></omgdi:waypoint>\n        <bpmndi:BPMNLabel>\n          <omgdc:Bounds height=\"14.0\" width=\"36.0\" x=\"325.0\" y=\"190.0\"></omgdc:Bounds>\n        </bpmndi:BPMNLabel>\n      </bpmndi:BPMNEdge>\n      <bpmndi:BPMNEdge bpmnElement=\"flow10\" id=\"BPMNEdge_flow10\">\n        <omgdi:waypoint x=\"145.0\" y=\"127.0\"></omgdi:waypoint>\n        <omgdi:waypoint x=\"265.0\" y=\"127.0\"></omgdi:waypoint>\n        <bpmndi:BPMNLabel>\n          <omgdc:Bounds height=\"14.0\" width=\"96.0\" x=\"149.0\" y=\"107.0\"></omgdc:Bounds>\n        </bpmndi:BPMNLabel>\n      </bpmndi:BPMNEdge>\n    </bpmndi:BPMNPlane>\n  </bpmndi:BPMNDiagram>\n</definitions>',0),('42503',1,'StudentLeaveProcess.png','42501','PNG\r\n\Z\n\0\0\0\rIHDR\0\0l\0\0O\0\0\0ڷ\0\02IDATxazA)\\l?X&>Hv,m4TWpVBWIU\n*\Zr\"%ΪV])$\\\'bj1,Ɔ3^܎kgng癙ң<n\0\0\0\0BQ}\0\0\0\0HB$\0\0\0B#D\0\0 4B$\0\0\0B#D\0\0 4B$\0\0\0B#D\0\0 4B$\0\0\0B#D\0\0 4B$\0\0\0B#D\0\0 4B$\0\0\0B#D\0\0 4B$\0\0\0B#D\0\0 4B$\0\0\0B#D\0\0 4B$\0\0\0B#D\0\0 4B$\0\0\0B#D\0\0 4B$\0\0\0B#D\0\0 4B$\0\0\0B#D\0\0 4B$\0\0\0B#D\0\0 4B$\0\0\0B#D\0\0 4B$\0@wfZ\r\r\n\\.ף+YwyJRRi4\ZIG\0hmbbB\' {gv<r⢞E]M6s\"A\"\0j4\Zrypp(r2Jʓ3;;PH\0dގG)^=aÆͅ$\"D\0tT.[	ſ<o}ͅ$\"D\031118xR|nFC\"\0zi6\\3K)Aׯ|^WtHB$\0@/J\\./.3M/뽴*۶C\"\0z)JW\Z妛&ıexe^{S\'N^b9]7oۼV}/n:$!\0|>~3	qvE^,sB_s\'7\\:(ϋLSY?x@H.2wTooC\"\0z{ԉť9\\xnY/޴?_$ę%qzQ|(\ZB<VӳȺm8$\r\0$\rd81_.S\r\ZƷ;Y\nϿxv_Jֆ\0ډ6D\rV_eqxwN,\n0?ڞK{zzoM;ݷv_Jb!\0@;\'7_\\㞕kf1^>u^sFwA=W_}/\\~źO\r}jURѸ\0)#Ka\\+6\"=\">h>yع׮Z\\bn^_㮩=jURѸ\0ZqKK8f#O/;g?8wp{ݦx)N#wcV%8!\0@;>i5;ڶ?\rirf)tK`}jܾs?џ~元o{M8|~Zd&C\0^(\ZƮOE\"gB)kWn?V*h\\ĉ\0zYCt7{Ng\"t\0HG3i\nS,bF\0\0}G>\rdʵBIJؒfE\0g\\+DG	[ܦP\0FiMXj	\nRd&C\0\02Z̸\n	:\0 k>l<zWnmȟQB$l\0i6\\r#/뮻ryKvA-\"&E!\0\0o+;R\\\':)n_WAmv϶煨\n!6t\0H~&\'\'GFF\nrmD׶G^\\Crh!\0 dv,J289wn:3Z	3owXXZ/zX~u}\\nI}nU$\0jvvxұV>i4\ZFwuYV[[x؉nrnF\ZIe=+lS$\0hbbBFIJǎ-\\nxxXfJ뭭\\V\'A-s>{vvw-״lyMmALt\0HZV(lsXT\\_oEcc\'d龽ܞh<u_꼚㌽ht\0H{HݳVf:,CGm۸o\ZA&*n:$\0eƍSSS\"Zu\'e=ɹo<Hi;MdC\0@jR(2|ްgornͣ]IU7\0	R,\'&&TEƵBNGe>w	xyj=vXkMdC\0@R>*T9Uf5nDIj}vED\0V:B	[C\0@RlݺullLQd_+DN	[C\0@R\n>]<2-H!\0 )pxBk	:\0$E.sD\"따	:\0$E___TV|\"aC\0`G+DB	[蟰C\0@RHǣ}++(\n6t\0H\nxr7|Jy&K]\0I\"b2%xy|>,LX\0x߹\"RW(˪\0IAL>=+%JR*AVStH&,\0H\nBdlFVm\0%HVPQu!q\0 )i6Uiݙ\ZgU7\Z	\0z>0pmO*ȴ=9ϪIĄ\0IAԔ̑!>j9$0a@R\"l6˅SBHi4&տ\ZT*U.IS\\H&,\0H\nB*2ohhZ:O֭[sQ	\0CD\Z%!\0HQLX\0HQRgLX\0H%GFF\ZAL\0 )H5erDIM0a@R\"DI}0a@R\"DI0a@R\"1(9;;p1&,\0H\nB$2Ɍ[n%Jf	\0$!l6ƈY\0IAD%	\0	M%	\0	Qr˖-3331a@R\"!%o.d\\&J\0$!:T*Dta.WաB g]ɺ3P*gGېML&, 	95{f#G.,.Ydߴi<\'rW8CTѝML&,\r縜}|aqb-\'?)yrxe$1ct\'|tQRiU\0LX|oǣďذaOt\'FwZFwZ-U*IÄ)˭5ſ<o}͕z815k\ZQ2i\0O7/.5)A׿qmnt#DƆѝML&,]roY\\:O	R~~K1Bd<iDɄ`U*rt,7c2Ҫlê.`tgctQP(LNN>M1aeV B {p޴hqZ75	qlY(^޹ԉӻ4uN<}A|{[V>+)/szll6AZ6Kxp>z3\'莇Ld:|V@uuW%߸wu3^0?\ZC/.5ۜgW%8\'_=|rͥ8~A4ő%8a;{7voBHooގr--Gz\r5׶gݱ%HxG٬j###GŢZm𙬽fq>{]izaסOX\\3e1z?~gEMZ̜&5J:d$Ƚ/[X\\?#|ql~P:r<|ul{Vѭjtw[<Qg)T*Z}hn;Df\'{3N9fOď~|}\r\rymƍa!TۢO \r#WRIOUP6Ygĩbarw?|;SXh-?Ͽxv_ʚ|^j&Ht%Gy1<itz#\'CY!Fẉ;ffvr)xr```2kF	jWʰh.^esoevemjpmz_]ZRfY]fs9(|k{z.6Yw~}*alfw۲L]̑^K[to\"ۈVK.bQ2E7/\\.N4u4\Z=?im\\WlٲcDsZqeHw֦gu8m^΋wΈ.޸/˯X;>yqZ5vFtn&>m:ledrҳ|Wۓ2~?z%;Ԟ`t6.J>Qr7p@q\\aïem[GOѻJ_H톆CGkGK\Z8 Ȍﺜչ[}.<ڴYW*N^;?OU~B͋sw5v_\Zμ-?mR?AvHקN_W}:2Ȟ`t6+Je,:]\\mO@s׎=3lOJ.]r\\V?2\"dݮZ9Ani3yE@[mwbsn࿮L׽҇f1v(WӋΙά/޼x)kSB.4vW3ovF-$AvH[sGzFqlRvmt\'3J~[2zUW]կ~ն\\|e3{~X􏏶(y}흚]XCCC\'Hs	92A6\'eM;%\"cm(tK`}jܾs?џ~元o{M8|~>EˌOhۦi\\Ղ\'(s%9_ۨ?KY	Fwl;(YT~7\\V>O[/42o}p۶5=o2>\Z{y4{oBHN^ve蝄k-ٲO\nُXkZf>|n\\k[oQUt6koIݪ6AF#͏q}\Zyk+=g%ݱĒy1[/\r̛*3A}}}~(VXnNH/7&Hl|ۃ@Af=kXwy״=怏6e%lYsMװ%(tpR9A;ѝX{kZf^ ؘG);\"!d\\\n_}3CƶE[m{vvjfuY~=fOTILriڼY|뿷cGrϩy͂=Mqbt3lxxu2󢵔Hq#I`|i	(pe$%l2!iЙ#i:ˑbt3fffr.۲e1=HV3sgkoݺUu]#?9HPOF.\Zi-3Ql/3k \riMn`t3}e{ZnTW12Ztx9].%Hlذ!Le]Jآ23AZpHgt>#BH)!\"~w!bSTrWC۶\rhTUl-3EeyL>jhaӚ# _Jl7Rn;9\"_7o!\0Y3!`˖-۷oj|fO\n>|W^yV͗[\r9/ ɑm1^)u7vqF%u\\:DBE>r|&l6/cH_ve]wo2~\0^[;/tR4>GVCg ɑ=3klxڿJfln!rn,r7ved)BH.};+ۿ]qwyw-Z=Wнe&[\rrdIvbmi;\ZU3@fFO0?ܧKA42R$2um\'\"/ݚ]zmcsB7*H	25t.R>O{0хJ$CvgGxHOf\rF/Mvb_ufFF|Cb+)֭3R\"\\ۑc֟-\rswuvƞUjL|:̑\'?vD{k_1mw55Q*1\0>}..-g{>H5i\'2ZG9Y㮻?ժykk=y1vkig?^{ڥMcyD Hnn^<AvSX5vBHrl@n]=a͎cǎ?\nb.WYk}+-!6wtB7e1HO|vO$AvGA:q·P8dct\rgy$EC~!bll,OwR7mfJVT*֥\\iK|.mh+{3yL^9ſߋH׍?N%^ym۶;\Z\Z];?k\Z\"\'&&TWTXieۖAn\"KgJ{>$Na C\0;lݪf\0Fw^7NgF˩ع+\Zw8u57>m|b:ۮD^5/>k<3wRSt̑6}dOqH ;@6|ϭ5?Pf\0MFw.3.DJL.-:Dl7zH\\u5Қmߌ|4˿iݿc6muw殼mU7]Ho54s$	2rkcnמ&6h28Wׯ/rRѢCĦlʿ`i3YUHk}#$~zz󎮏yU7]BHo59\rk^9H]f>C8s{W~]=o>Dpv:DBTn!35R1wn\\	7ەG]߽ei3G+ˇ !lw [Cg9ǣ\Z\0Y\Zݿ{L|EuE\Zg^sQ3nٲEuգ_hB.$Ɠk${diCn-$h1333֏/r97n4okF:FcÆ\rQx#2:%l2%as$	2rnF7o6?X,j5s2Kom_}f흜TWNHz.sd߼)/r?\nee{B}/\"	2rnGccc\\\\./j}2Dڶ|RF?W%JUY$\'}CkN/:$(	R9WVSl,31$n`t9uVej*+uwlܸlZf-{mn}<	R\"hEOg~󡇌UWB_e5Jؒe&Nm%nF3>/R>h2\\\rPFI;iMf|A2fUlSZ;DZ*ڵe(qS۱Cn=_KZkS.3J|/\"	{nh	]\ZHooo\r6x444wؤCC?Gt-2#:?W^cvm6m\"eUJؒeF-E$Av[-O|K\\.E\'9:ЄKSH;PV]\Z jf\n)__YykIk$Aƀѝm<q(pOʥ\\.r)-K۳U::?9S++(JZ1r䑣GI1`tgutQI(yJz\0T)ONl_/SW?.dv	2n%Qڽ{ھH܍ߩ|NW~A(g/,nUp5կ~5MB$nff&qJ`ѝmiUU|~a!?O\ZidՖ%H\rٿ\"cN6ؘ㚟s_JC-&,S,05Bٝg]-attt[lDGR*o;k*Q	SkBLS\\cz<9J=Bd\Zɉ4!7~CŌ	hcjjJ4!~jVPY@;;Q裏\Zs\";p	hON[BJofgbjK2?FwGL\\ON|4<쳟\'eö媫\"Dp\'grO5^e[_ߕCC7˕FudJ!RFUFeJK?\ZNOOQ\Zof\'ֆ\"G5K9+hY,uѠշ@z<ge-=4GVߚm,t3==]*|\ZAaóy6Z0@ҾM1,5K9+hY 3Ѡշ@z<ge-lX|4<l9^:YF\"&\'\'\r:[}ksVѲ-ً5K9+hYde:[}ksVѲMAaóy6ZiU|4<l9^:YF\"jƍ5K9+hYRijjJ(շ@z<ge-t1cQFaóy6ZVfYV\nB.ѕ<2V*Fsƈ5K9+hY%&&&dx	{f#G.,.Ydߴi<\'2J:OFaóy6Z6fF\\.ZNRFIyrfggU7T<l9^:YFI&ȁxtaqU6lQ\\ɥշ@z<ge-rJ(噝Oxny[s t͋KMJoܻm-tH/lel6s\'fS_zHaóy6Z6J\\./.3M/뽴*۶K\"5K9+hxJ		qlY(^޹ԉӻ4uN<}A|{[V甔M\rn$y[s t-z g9xC/.5ݜgW%8\'_=|rͥ8~A4ő%<a;{Wu%QFG(H/lS\"ncnKsFynY/޴?_$ę%qzQ|(\ZB<Vӳ$A[s t-!7X3\rYÞk3f]΋4\Zo}w9ۋ+b.ZT4nt>-H/lm61<PDOiʵe5D.ĻsbQ\\{mqjURѸ[s t-uAڽإGw\'7EȔtV<mS;g{Co\\}՗W{^gV%?O5K9+cx 4hy^^C<Uf_4W<yAS?kW.17/ͯq}*lMt>-H/l+\n~E><!+9A.-}he<(>\\Y|MG͋w⽦85/dܵ{ZT4nt>-H/l+˕Jۏqz);螕M7{֧?/W^8;מԁ_q)sD[s t&>w$[-e%\"?|Kz뭶;jU߲J|Z9^:YV|W\"Dd=+\n(aKUO5K9+\ZgKY=+\Z\"ߧ-InSt>-H/ۺukyPohȓ%ΧEߚyf3Ϊ>,k(a3+O5+SD>W:4!t.c399Y(TEB仔JӢó$Dڮf wyH7^JZV-W:}k!ߥFbP} tac_y[	|Z9^>i\Z$hʣD._$j6\\r]/뮻d+DbĶ7<h=ׁܿEReuM\\:}kW\'!L{.FT\Z2JEy!/Ě~_>W\\qŝw)åhuw:/~|ُׯLUݪIiѷ@zyYm}6=zKd!P(me||eѶ:sZ\nIiѷ@z5=D:Hu֙\"#x^|)e{smݭmom6TUj|Z9^m,kLtnHAD4\Z\rKKV歭Pu?em?}peۭQUؕ6M,O5r>tpP\r$ıcz{{b.ɽފve\Z )ߕΧEߚ5gٞM]E!J jZRqnȶt\Z}3oY񊞄[s Y>Y3}uatu>\ns~[:f^msٺ[t^kMD:}kW\'!+s VL%/:a5U7]|Z9^:Y@ZKlcdnzM|vjn$[s tεB ;z}$(>~욨HӢóy:\nUG#)=o~%mx=s.t>-H/,sPu0[s tεB따ǕΧEߚtIΧEߚtNÔǕΧEߚt\"_-<t>-H/,sY-<t>-H/,s*%laqiѷ@z<g=~+PǕΧEߚt.˽S++(\n3+O5K9\\X|rbxZa>WtIóy:7:::<|XʃrYu%5K9L>ͽ+ %`)Vn$yBַ@z<gYeED	RCCEՍP:OH/, fPԿ\nq_fgwm4vnyBַ@z<gQ5!)^E&H\'\'U\\ɥóy\"455%s_,C|nrU7T<![s th5rp}7OhWwCCRA^VDIóyarr\\_AOO_ߕCC7YҡG	Yߚ\0óyDyBַ@z<g@<![s t\0 Qt9^:Y\0(:OH/,\0H\'d}ks\0$5K9\0E	Yߚ\0óyDyBַ@z<g@<![s t\0 Qt9^:Y\0(:OH/,\0H\'d}ks\0$5K9\0E	Yߚ\0óyDyBַ@z<g@<![s t\0 Qt9^:Y\0(:OH/,\0H\'d}ks\0$5K9\0E	Yߚ\0óyDyBַ@z<g@<![s t\0 Qt9^:Y\0(:OH/,\0H\'d}kWoooT}\0\0B$Tr333\0@*Ӫ\0t7;;߯(!DS(&\'\'U\0nff&˩>\ne@J(\0@wbQQ(CG&H#U\0nEQ(Cҧ^yG\0+BB$J\0Ԛr:\Z!H[>\n\00!H%X@\0@GL	dPP}\0#>%C\"T\0ؖ-[TzH ݆bP} \0}f\\. \rH &&&rȈ\0#V-b@MH9Ey/EHtttT*	v֭nElNLLY(z\0\0pV㿆\0\0\0	\0\0\0\0\0	\0\0\0\0\0	\0\0\0\0\0	\0\0\0\0\0	\0\0\0\0\0	\0\0\0\0\0	\0\0\0\0\0	\0\0\0\0\0	\0\0\0\0\0	\0\0\0\0\0	\0\0\0\0\0	\0\0\0\0\0	\0\0\0\0\0	\0\0\0\0\0	\0\0\0\0\0	\0\0\0\0\0	\0\0\0\0\0	\0\0\0\0\0	\0\0\0\0\0	\0\0\0\0\0	\0\0\0\0\0	\0\0\0\0\0	\0\0\0\0\0	\0\0\0\0\0	\0\0\0\0\0	\0\0\0\0\0	\0\0\0\0\0	\0\0\0\0\0	\0\0\0\0\0	\0\0\0\0\0	\0\0\0\0\0	\0\0??\0\0\0\0\0IENDB`',0),('50002',1,'StudentLeaveProcess.bpmn','50001','<?xml version=\"1.0\" encoding=\"UTF-8\"?>\n<definitions xmlns=\"http://www.omg.org/spec/BPMN/20100524/MODEL\" xmlns:xsi=\"http://www.w3.org/2001/XMLSchema-instance\" xmlns:xsd=\"http://www.w3.org/2001/XMLSchema\" xmlns:activiti=\"http://activiti.org/bpmn\" xmlns:bpmndi=\"http://www.omg.org/spec/BPMN/20100524/DI\" xmlns:omgdc=\"http://www.omg.org/spec/DD/20100524/DC\" xmlns:omgdi=\"http://www.omg.org/spec/DD/20100524/DI\" typeLanguage=\"http://www.w3.org/2001/XMLSchema\" expressionLanguage=\"http://www.w3.org/1999/XPath\" targetNamespace=\"http://www.activiti.org/test\">\n  <process id=\"studentLeaveProcess\" name=\"Student Leave process\" isExecutable=\"true\">\n    <startEvent id=\"startevent1\" name=\"Start\"></startEvent>\n    <endEvent id=\"endevent1\" name=\"End\"></endEvent>\n    <userTask id=\"usertask1\" name=\"班长审批\" activiti:candidateGroups=\"bz\" activiti:formKey=\"audit_bz.jsp\"></userTask>\n    <userTask id=\"usertask2\" name=\"班主任审批\" activiti:candidateGroups=\"bzr\" activiti:formKey=\"audit_ld.jsp\"></userTask>\n    <userTask id=\"usertask3\" name=\"系辅导员审批\" activiti:candidateGroups=\"xfdy\" activiti:formKey=\"audit_ld.jsp\"></userTask>\n    <userTask id=\"usertask4\" name=\"学生处审批\" activiti:candidateGroups=\"xsc\" activiti:formKey=\"audit_ld.jsp\"></userTask>\n    <exclusiveGateway id=\"exclusivegateway1\" name=\"Exclusive Gateway\" default=\"flow5\"></exclusiveGateway>\n    <sequenceFlow id=\"flow2\" name=\"通过\" sourceRef=\"usertask1\" targetRef=\"exclusivegateway1\">\n      <conditionExpression xsi:type=\"tFormalExpression\"><![CDATA[${msg==\'通过\'}]]></conditionExpression>\n    </sequenceFlow>\n    <sequenceFlow id=\"flow3\" name=\"大小3天\" sourceRef=\"exclusivegateway1\" targetRef=\"usertask2\">\n      <conditionExpression xsi:type=\"tFormalExpression\"><![CDATA[${days<3}]]></conditionExpression>\n    </sequenceFlow>\n    <sequenceFlow id=\"flow4\" name=\"3天到7天\" sourceRef=\"exclusivegateway1\" targetRef=\"usertask3\">\n      <conditionExpression xsi:type=\"tFormalExpression\"><![CDATA[${days>=3 && days<=7}]]></conditionExpression>\n    </sequenceFlow>\n    <sequenceFlow id=\"flow5\" name=\"大于7天\" sourceRef=\"exclusivegateway1\" targetRef=\"usertask4\"></sequenceFlow>\n    <sequenceFlow id=\"flow6\" sourceRef=\"usertask3\" targetRef=\"endevent1\"></sequenceFlow>\n    <sequenceFlow id=\"flow7\" sourceRef=\"usertask2\" targetRef=\"endevent1\"></sequenceFlow>\n    <sequenceFlow id=\"flow8\" sourceRef=\"usertask4\" targetRef=\"endevent1\"></sequenceFlow>\n    <sequenceFlow id=\"flow9\" name=\"未通过\" sourceRef=\"usertask1\" targetRef=\"endevent1\">\n      <conditionExpression xsi:type=\"tFormalExpression\"><![CDATA[${msg==\'未通过\'}]]></conditionExpression>\n    </sequenceFlow>\n    <userTask id=\"usertask5\" name=\"学生填写请假单\" activiti:candidateGroups=\"xs\"></userTask>\n    <sequenceFlow id=\"flow10\" sourceRef=\"usertask5\" targetRef=\"usertask1\"></sequenceFlow>\n    <sequenceFlow id=\"flow11\" sourceRef=\"startevent1\" targetRef=\"usertask5\"></sequenceFlow>\n  </process>\n  <bpmndi:BPMNDiagram id=\"BPMNDiagram_studentLeaveProcess\">\n    <bpmndi:BPMNPlane bpmnElement=\"studentLeaveProcess\" id=\"BPMNPlane_studentLeaveProcess\">\n      <bpmndi:BPMNShape bpmnElement=\"startevent1\" id=\"BPMNShape_startevent1\">\n        <omgdc:Bounds height=\"35.0\" width=\"35.0\" x=\"40.0\" y=\"110.0\"></omgdc:Bounds>\n      </bpmndi:BPMNShape>\n      <bpmndi:BPMNShape bpmnElement=\"endevent1\" id=\"BPMNShape_endevent1\">\n        <omgdc:Bounds height=\"35.0\" width=\"35.0\" x=\"775.0\" y=\"110.0\"></omgdc:Bounds>\n      </bpmndi:BPMNShape>\n      <bpmndi:BPMNShape bpmnElement=\"usertask1\" id=\"BPMNShape_usertask1\">\n        <omgdc:Bounds height=\"55.0\" width=\"105.0\" x=\"265.0\" y=\"100.0\"></omgdc:Bounds>\n      </bpmndi:BPMNShape>\n      <bpmndi:BPMNShape bpmnElement=\"usertask2\" id=\"BPMNShape_usertask2\">\n        <omgdc:Bounds height=\"55.0\" width=\"105.0\" x=\"595.0\" y=\"30.0\"></omgdc:Bounds>\n      </bpmndi:BPMNShape>\n      <bpmndi:BPMNShape bpmnElement=\"usertask3\" id=\"BPMNShape_usertask3\">\n        <omgdc:Bounds height=\"55.0\" width=\"105.0\" x=\"595.0\" y=\"100.0\"></omgdc:Bounds>\n      </bpmndi:BPMNShape>\n      <bpmndi:BPMNShape bpmnElement=\"usertask4\" id=\"BPMNShape_usertask4\">\n        <omgdc:Bounds height=\"55.0\" width=\"105.0\" x=\"595.0\" y=\"170.0\"></omgdc:Bounds>\n      </bpmndi:BPMNShape>\n      <bpmndi:BPMNShape bpmnElement=\"exclusivegateway1\" id=\"BPMNShape_exclusivegateway1\">\n        <omgdc:Bounds height=\"40.0\" width=\"40.0\" x=\"455.0\" y=\"107.0\"></omgdc:Bounds>\n      </bpmndi:BPMNShape>\n      <bpmndi:BPMNShape bpmnElement=\"usertask5\" id=\"BPMNShape_usertask5\">\n        <omgdc:Bounds height=\"55.0\" width=\"105.0\" x=\"120.0\" y=\"100.0\"></omgdc:Bounds>\n      </bpmndi:BPMNShape>\n      <bpmndi:BPMNEdge bpmnElement=\"flow2\" id=\"BPMNEdge_flow2\">\n        <omgdi:waypoint x=\"370.0\" y=\"127.0\"></omgdi:waypoint>\n        <omgdi:waypoint x=\"455.0\" y=\"127.0\"></omgdi:waypoint>\n        <bpmndi:BPMNLabel>\n          <omgdc:Bounds height=\"14.0\" width=\"24.0\" x=\"384.0\" y=\"107.0\"></omgdc:Bounds>\n        </bpmndi:BPMNLabel>\n      </bpmndi:BPMNEdge>\n      <bpmndi:BPMNEdge bpmnElement=\"flow3\" id=\"BPMNEdge_flow3\">\n        <omgdi:waypoint x=\"475.0\" y=\"107.0\"></omgdi:waypoint>\n        <omgdi:waypoint x=\"475.0\" y=\"57.0\"></omgdi:waypoint>\n        <omgdi:waypoint x=\"595.0\" y=\"57.0\"></omgdi:waypoint>\n        <bpmndi:BPMNLabel>\n          <omgdc:Bounds height=\"14.0\" width=\"42.0\" x=\"505.0\" y=\"41.0\"></omgdc:Bounds>\n        </bpmndi:BPMNLabel>\n      </bpmndi:BPMNEdge>\n      <bpmndi:BPMNEdge bpmnElement=\"flow4\" id=\"BPMNEdge_flow4\">\n        <omgdi:waypoint x=\"495.0\" y=\"127.0\"></omgdi:waypoint>\n        <omgdi:waypoint x=\"595.0\" y=\"127.0\"></omgdi:waypoint>\n        <bpmndi:BPMNLabel>\n          <omgdc:Bounds height=\"14.0\" width=\"48.0\" x=\"504.0\" y=\"107.0\"></omgdc:Bounds>\n        </bpmndi:BPMNLabel>\n      </bpmndi:BPMNEdge>\n      <bpmndi:BPMNEdge bpmnElement=\"flow5\" id=\"BPMNEdge_flow5\">\n        <omgdi:waypoint x=\"475.0\" y=\"147.0\"></omgdi:waypoint>\n        <omgdi:waypoint x=\"475.0\" y=\"197.0\"></omgdi:waypoint>\n        <omgdi:waypoint x=\"595.0\" y=\"197.0\"></omgdi:waypoint>\n        <bpmndi:BPMNLabel>\n          <omgdc:Bounds height=\"14.0\" width=\"42.0\" x=\"505.0\" y=\"177.0\"></omgdc:Bounds>\n        </bpmndi:BPMNLabel>\n      </bpmndi:BPMNEdge>\n      <bpmndi:BPMNEdge bpmnElement=\"flow6\" id=\"BPMNEdge_flow6\">\n        <omgdi:waypoint x=\"700.0\" y=\"127.0\"></omgdi:waypoint>\n        <omgdi:waypoint x=\"775.0\" y=\"127.0\"></omgdi:waypoint>\n      </bpmndi:BPMNEdge>\n      <bpmndi:BPMNEdge bpmnElement=\"flow7\" id=\"BPMNEdge_flow7\">\n        <omgdi:waypoint x=\"647.0\" y=\"85.0\"></omgdi:waypoint>\n        <omgdi:waypoint x=\"792.0\" y=\"110.0\"></omgdi:waypoint>\n      </bpmndi:BPMNEdge>\n      <bpmndi:BPMNEdge bpmnElement=\"flow8\" id=\"BPMNEdge_flow8\">\n        <omgdi:waypoint x=\"647.0\" y=\"170.0\"></omgdi:waypoint>\n        <omgdi:waypoint x=\"792.0\" y=\"145.0\"></omgdi:waypoint>\n      </bpmndi:BPMNEdge>\n      <bpmndi:BPMNEdge bpmnElement=\"flow9\" id=\"BPMNEdge_flow9\">\n        <omgdi:waypoint x=\"317.0\" y=\"155.0\"></omgdi:waypoint>\n        <omgdi:waypoint x=\"317.0\" y=\"270.0\"></omgdi:waypoint>\n        <omgdi:waypoint x=\"792.0\" y=\"270.0\"></omgdi:waypoint>\n        <omgdi:waypoint x=\"792.0\" y=\"145.0\"></omgdi:waypoint>\n        <bpmndi:BPMNLabel>\n          <omgdc:Bounds height=\"14.0\" width=\"36.0\" x=\"325.0\" y=\"190.0\"></omgdc:Bounds>\n        </bpmndi:BPMNLabel>\n      </bpmndi:BPMNEdge>\n      <bpmndi:BPMNEdge bpmnElement=\"flow10\" id=\"BPMNEdge_flow10\">\n        <omgdi:waypoint x=\"225.0\" y=\"127.0\"></omgdi:waypoint>\n        <omgdi:waypoint x=\"265.0\" y=\"127.0\"></omgdi:waypoint>\n      </bpmndi:BPMNEdge>\n      <bpmndi:BPMNEdge bpmnElement=\"flow11\" id=\"BPMNEdge_flow11\">\n        <omgdi:waypoint x=\"75.0\" y=\"127.0\"></omgdi:waypoint>\n        <omgdi:waypoint x=\"120.0\" y=\"127.0\"></omgdi:waypoint>\n      </bpmndi:BPMNEdge>\n    </bpmndi:BPMNPlane>\n  </bpmndi:BPMNDiagram>\n</definitions>',0),('50003',1,'StudentLeaveProcess.png','50001','PNG\r\n\Z\n\0\0\0\rIHDR\0\0\0\0F\0\0\0B1\0\03IDATx[U~q/:2m0[Um*ͨ?TU\"G\"-Uhw\n*T]vg-ZѺZc\nd-IH&		8!4ę9.k=\\_*s=x<)\0\0\0X)\0\0\0\0`\0\0\0\0\0\0\0\0\0\0\0\0\0\0\0\0\0\0\0\0\0\0\0\0\0\0\0\0\0\0\0\0\0\0\0\0\0\0\0\0\0\0\0\0\0\0\0\0\0\0\0\0\0\0\0\0\0\0\0\0\0\0\0\0\0\0\0\0\0\0\0\0\0\0\0\0\0\0\0\0\0\0\0\0\0^h4Jp6Mө^%]|>_,f\0&&&diG}vǎGf}G`6lDzՍ =\0GB044tcssN|pBzypU7\0Hn{dn~\nǟx|ݺuZMusC\0BLzv37@=\0LLL\r4РԷ}ϖ-n4\0\0h4;k(5s棵kTVU7\0z\0@o)Ba~]7ڲoGFFT7\0z\0@o+/ƛ~.EƼxuV{fO\ZbYy6n~bOK{_Tt\0\0%<ώTjF3KԂpN/E]S86+8 ~Ez:9sOuG\0N_Jfbvqo_?!N/SyQ/7Low\r \0zNd?Y\'ω~7\\3~s{%\018t6Ї\ni{-Pv-EqxoF17;TT?|➽\\ҶA08x!o|jkVOe}9iyW^yſpek>7|SeD	\0=g^A[Yf(%<$>l,_?q^]>kWˏ13+.?qns{h\\718 VzuA7>@]6Lj^|4\'==Gϊ\Z89+d߹k=UF4.Л\0sBow-Df(Ю7{T\'>/ٮW_<=ןCxvm:Sgkz\05V,\rgA!waKFdf?鬯ߙHz-\'TѸ@obp@oYE]C_k֊7SzhN\0!#+&VKz\0zȊYQk+}/GYr@j4oV18WxYߎkVK6z\0/g5-Y@jٚ\0\0HRV>TE\0$͡C˷ozNZz@[N\0@4\Z.\\rɵ^Z/\\\\|\n_`%7:@\'\0 .;dv^NQùѩ\"bpdT*ُt$zon)Ov_;(7@R18@k2>e|,7>aYfM\0VUq\n;m(ܫ\nuwګnLGZV	\0.ƗebznL&swKh3k8uZ~C%Cz#;kYa\0MLLZTTo=חȈGvӡm{!k}%xy=um	\0)lCyŢ1he#/*GrYk;coF\008@/2g9.ڬۮeu(ӑ]Vt\018@/ׯTILoYΕطC!o#M\04R.Hf}8O\\[Ț?]2%|o[座#\0cpFrĄHf=N}/vo^Уnna{\0cp.ToEu*zc0{>-J\"7!\"\0]yx4a\"bp.6o<>>z+ߠZ-=-\'\0\"b !\"bp.x4TE\0]i߿lj*jm18@4kTE\0]R\0tA`G__߹s{R-\0tA`G:~뭧c	h	\0 0#=5uIBEת?d2?&\0>ccc##w,TQB\0c\0\0]Q2/k^/S+r\0c\0\0]c3l(U*F\0tAMf<9BLQ5=#Iϩn4\0<\0@8Uk\'>*|*V\\\00y\0.1~l/Ky\\~0I1y\0.k4\Z##lbqtzi!^Jw7Yyy\n<h?&\0^J\"@\nTpTZyt:M\0Haib=&\0!`\0\0]ab=&\0bh^W9@a\0\0]a4eOz fL\0=Xď\0tAGb81y\0.HgV9@b1y\0.H$;o޼Xt\0@k4\Zz<\0@z$&\0=Xt\0@bM6j5՛\0tAG~֭2\nb=:L\0=zYX$L(JlVRJ<|^5#4Š&3N@ۢ&Ą<aG}vǎGf}G`6lDU7?̸&3Q@[MZz.PCCC967?G9\',\"V_z@d\"ǌѭb|555j\0#0yJN?,T?u4*CdF#ǉm.J<BМ<SgnU72̸&3\Z>NnFw\\&A<31114tBR=[OT:4at:/&4\Zt:9*J͜h/UU̔Rd	@M\\<bR,Yn}%9Seߎd&K\0}<VfJE\01y$o?><n\ZGYVYO?kNOCjg3vظ.r%IyU4aw\'+}莇L&b=zcd2/JN3BYćsW.űYq켨57	9s&3Vd\\!i\"on&sIl>:tΧzj1cݱ!֣iqn\rh4h>~,{JAױN_JN	gCK~;B^ŇB3_n3Y\nLU4	m/x!Ro|t{ᇮw:}ͪ0Un\'ևbN9T듣E{vOz\'ayF^~)9KxfA<\'/, ~|._sy兗SpbnWsj4oUW2\'%ygroa\n1c1cDg,É%!eܺu}u vsjjJB9`dp6|M9]Ǣ8qV7#慘\\sM*uq*w˟mp>q}T4YכN)χmR~>ՖՊ7w1_Bz׫e1j`dB)#k[~Q)Nw䥁(\Zcccr=+Fy\'gM6n9+ޓĻŞo^y¥ퟚ?vܞ*Ձ&t]k&\nJcؽbq>1wmSUi֬;ѭT>k׮CBՇ\no;?> {\Z\Zr-)_ݬOPN9`GFFZǇ]kućB\'΋_\\{~5y!ff\'znO&R+]A|W^J?mS(kVDPˊ_җ|wGd``~J:mZN)JN\'pzj!GvYE9͉wOϿpw|⽆x!N\n9ܵܞ*&R-^(i]}ų|m׬;ѭowk+ky\'d{~.X뛜}Cy{^޸7{T\'>/ٮW_<=ןCxvm*?AdB~梧NfzGc\nWo\"Y	Fwl[Cv/ig֥FlYE&yQ޾N\0X;ɱzܚǇzbO@Od:Ŝ?z_iJAp>ʚ`t6%{&q6^zu\\u~k=r+e$)G|4oƍwmݺU4珓T:Ы?ժ}eLKN=A*9\"Y	Fwl[[s\rUW]e}v\\\\ݵyg=ēU:Ii~us[x{Wj)wjRB2y9_sM&S\'>8vn֥LrG>h(Oo81:=d2\'֏\\#<VrpZiުV	R*IS~yõW_fz+[	{g1^ZP(M6YCOcH&9=sޛ͛7W$)Vrr(;>jꏀq)uBҼŕiL\rnFw9qw`,Zm]D)r6}Kiުu-Q=RGiyΛi{L&F7;R.%f=lpB@-###qTT\n1MZݞ?h2L![/pfǟxһ2}8F7;HHߐ\Zwr|u<lx˔b\'Mn@쎟Q_}vף\Z4qMc	NL饗FId1A7X+_~}G)\\.hT>rӱQѸ袋z%\\{\0!e/Z2.ZIгZڌagKjdWKt]]ک5>;\r>b\'Ӈv3Ɨ\Z~\r_L ;opb=ԍ\"ct:plpv+uz挜)b/;*e/As({1ʽ˸^.ʡp.sZًy{H^uy|H_1͓uvt12A8Ç,7/RD_T1@(Rr8uM|G-.ϵouV,;n*s=\n[C#\nmԧa6F7vPALѿg]kg>mۏ\"x!%®5bM\n_ |S];z`tY?DYU/$.d^9x0@NY>)乯Z	\\.Zgztm_6{lUA?tuibh2}t)O|prswX|w\ru+>:\r(t 1;opbߥb_cQ֥%Vz;J%XxN|o.ܐ;$|y{zwleƊFַV\\s;ؽ&Gx2}HIA1ObpKؐeΞR}/nD9`U8eP(8TJ7j/[.=:z|Ȉ#-)?z;˯\\z\'O-q/Zk1,8H5\\x+:_5>;%<|3{B2=i>DWG8rjߡe[\Z8$ct\rN?XU>J`|ðaܩr\\,}ݶs˯xw-t}=εlZ1	#6`WL!z}ޛI+Z=Kx;3@bFwH%lb|xx8F)r 7]\rCCCvХy\Z=\ZTf%]\nZ2d\\ύvгڈ{=JkŃpQVTdzf4o}Mߜrfz|Vw.\n\ZTi8V̙֡y*V.NQ$ߋPF[t|\Z]E(-s$YuڷCcE]΂6Ɉ&[]%]\r~TNidf\rl27Tz3А-Hks CfSb؏B]:N֑ܾK%grpvS7yAr{<,gO+<]e\\[Z>ň&kiBp9\"`xnLg!杙4q\ZndКNO#cv^7[w	rp6\Z\r>F/GWKfĊpKD|ubu-=n)F4Ymr.tOuiwʛLs>GY4\r;x{s\Zq?4<$its=+_olH,K0\rgTy^\\?Xy(wW|QGŬAKPzMrF!&wI;Λ\Z+满r\Z>!#;ÇgSk7\0I\Zݿ{F3̟\'{[#;M6u$՛oh7=0jꏀq))g;j?/%}+_Iޭ_޺_fvjL#/Ui$Y׭[שߎ>B=ջ֜?ޠZ-Ձ^04wI4qnF7nC.+2ۿ\"xձwiRc$ZL;`{7?ēwqMf\\$z\'wGtP(뮻dw-)}^V_?i#UN9]w:Ϳr|Wgcij\rwJƔ(4%v߼yїR$wo_~}Z>\\.;CVbw]ۜ!ͣ4\Zz]No{_.==s;>h}nGNjS@WOq\natFy__d2!M}3X/2\r\r9\rbCKkȀ_m\\)\'?՛9TVKuW+s|%2=iݽ3MQ^[.a~qp/|S՛oy(G[oM.ajM^YsxjTzG2qW˛I-SXHo\\IP\r^rONN@DN\\.cd/Jdܹ}KKR-&30=2ʏt\'2~p288\n\'֭[*18@zzi R)?h2hV?|i>n;c\'}</}p&F.{jbx^Udh2JmNxDH1`t\'ot+Ү]>/\"dllldgdG^ɌkŃѝѭ*[*o>&Z-¹ƞ%qX8nMm#\rN趾BCUz!5eTnMsd#ǆm趣׵K/l`aOf<9BkzzG&z}\'MfJid#ǆmvFyو\n$;檫*\n=#Vjupj,TrmZFdF#ǉm\'ʋywo\rCb䤜BB}3tϪ4qMf.}FnGBE;ovRQiQL\nH!XgKU*P>U7Mf\\@?FΣV\n}g?+ca;tW\n2r\n20t_><|BT7KɈ&3N@ImEy`ԔH񰕷(GoFRz<:aH*Z̸(oaBB<IEˢ7UUa0$-^3553Q°腀y?Eﰢ`\\V-maBB<IEˢ$&[0GRѲHEy:aH*ZIUT-[^#hY$٦Ey:aH*ZIbGyyCt:aH*Z#Q°腀y?z*[0GRѲ0W\\^~}OEy:aH*Z&Q~pp0ONN0GRѲ0姦To2[^#hYU\ZFT\Zft:ի# zX!G(oK1lz!`揤eAVG};927?ߛ%]۷oذA뽇(°腀y?Y^/\nCCC967?G9\'dgzzZuCia0$-\'푹Y*uj5ͥ/-t@/Tl\nB3͟pn.}1lz!`揤ec31114tBR=[ܯ4Ű腀y?GH/̙֮RZUt:bBB<IEƣX,\nvݘJ/vt>j˖Qt:bBB<IE#o?>I7\r\\y?+,?ӧ5\'!v5γ{;ltl^;988tİ腀y?*\rz+lX<2X%nF3KԂpN/E]S86+8 ~E3=X3gNn:%ltPB<I<зYo?8y|~a*gCK~;B^Ň.3_n,mT-t@/T]?txkVO%< Ns{wo*/fTѸ@B<Ih4bx\\_Z՚kk9/g{3b^5פRR}znO?t@/TtKsnQ쩍~qސ>rsxxs+_5S~K{]2qa腀y?jpppjj*\nJQCᇮ6x\\3?[6П8/v~qu+煘ggsr=Uzr^#lRXg^S}>=!7ra#mԼhN{zޟ5\rqrVHsns{hqXz!`揤*\nbۯvM5+\nox7NNU[}~ߡ^>]x{蹽?nU	Z@B<IeӮwG}?t׿~׊[\\Oҿe@B<IUV3LW_>}5+\'VKfU0$XW/sBRKݬ5+?Z-T!t@/`7ojCpPK_PҚ5\'VKT0$XHӪ7$ɚ}Dt\ZrSW*J6UIQ:i\'лw(Ogh7>xSJRПmib@B<$)4:kdd$ubCY/߾}Q=8,0OWG&&&(oUѸ袋z%\\{Ϋ@6^kmA+yшk\r.kR}qXz!`vȽIy>^FuerFRQEpE/.~Y&d=A?1V:	?VOY*1tbbBl6b+#T۷C^Dג[]ȍZP:2 +f\Z{ۡj*.\\\n_ﳼuû/\\km+nmK{Uua腀yV?ݻp+@uKg2;S[*GX?eۮG;֪8,0O\r߾I=b-4Grt:=22f}Zm[{7v2}qXz!`uuܽ?z߫rX*n黀3+o;	z@t@/qDDj&ݣTH8X-]kՆVt:@B<z/wi߻`夻T`EYa2GKs<{ta腀y?v4[(+Yz^okYwSu0\0h7;XQV({:NG^hG3H9>Pex]ƻ@kyYvVu0\0hTř:a\0oPg_^h@A^hAKKV3/t@/_Z-<8,0ЎfRg_^hG3пFZy|qXz!`}}}[Zzj8@B<@;[o=tj8@B<@;rS[+TzL&t	:a\016662rlV@PPt:0\0j5,T\\.n:qB腀y?6.۴$^Կ~x84	:a\0h4/ONޑ|^ߩ4	:a\0WVVBLQA%Ӽ|S<	:a\0:brrRfbrL&]\Z\'d^F12Rf+fz!RJ7<<gmM;N0YJP_M!|x&U7Rz!`\0\'d^\04	:a\0\0MpB腀y?\0@z!`\0\'d^\04	:a\0\0MpB腀y?\0@z!`\0\'d^\04	:a\0\0MpB腀y?\0@z!`\0\'d^\04	:a\0\0MpB腀y?\0@z!`\0\'d^\04	:a\0\0MpB腀y?\0@z!`\0\'d^\04	:a\0\0MpB腀y?\0@z!`\0\'d^\04	:a\0\0MpB腀y?\0@z!`\0\'d^\04	:k4\Z\0@腀ytVS\0\0=@/388855z+\0MOO\n@(V*[\0Vi[\nbz+\0MLLr9[4/3\0^7ڤz+\0=`jdTo\0\\.711z+\0=`&~/\0ԚN|0t@4>>yf[\00Ah4\r^IZ!T*lVV\0@/Ơ=`Q\0b6>>i&[|@mdd$u\0h4\ni!ƛHӣ|\0^˓-@șFz9r9yR\"\0Hy:yf@Oz 9\ZĄl6\0h<e>\0\0\0\0\0\0\0\0\0\0\0\0\0\0\0\0\0\0\0\0\0\0\0\0\0\0\0\0\0\0\0\0\0\0\0\0\0\0\0\0\0\0\0\0\0\0\0\0\0\0\0\0\0\0\0\0\0\0\0\0\0\0\0\0\0\0\0\0\0\0\0\0\0\0\0\0\0\0\0\0\0\0\0\0\0\0\0\0\0\0\0\0\0\0\0\0\0\0\0\0\0\0\0\0\0\0\0\0\0\0\0\0\0\0\0\0\0\0\0\0\0\0\0\0\0\0\0\0\0\0\0\0\0\0\0\0\0\0\0\0\0\0\0\0\0\0\0\0\0\0\0\0\0\0\0\0\0\0\0\0\0\0\0\0\0l-r7x3\'\0\0\0\0IENDB`',0),('6',1,'StudentLeaveProcess.bpmn','5','<?xml version=\"1.0\" encoding=\"UTF-8\"?>\n<definitions xmlns=\"http://www.omg.org/spec/BPMN/20100524/MODEL\" xmlns:xsi=\"http://www.w3.org/2001/XMLSchema-instance\" xmlns:xsd=\"http://www.w3.org/2001/XMLSchema\" xmlns:activiti=\"http://activiti.org/bpmn\" xmlns:bpmndi=\"http://www.omg.org/spec/BPMN/20100524/DI\" xmlns:omgdc=\"http://www.omg.org/spec/DD/20100524/DC\" xmlns:omgdi=\"http://www.omg.org/spec/DD/20100524/DI\" typeLanguage=\"http://www.w3.org/2001/XMLSchema\" expressionLanguage=\"http://www.w3.org/1999/XPath\" targetNamespace=\"http://www.activiti.org/test\">\n  <process id=\"studentLeaveProcess\" name=\"Student Leave process\" isExecutable=\"true\">\n    <startEvent id=\"startevent1\" name=\"Start\"></startEvent>\n    <endEvent id=\"endevent1\" name=\"End\"></endEvent>\n    <userTask id=\"usertask1\" name=\"班长审批\"></userTask>\n    <userTask id=\"usertask2\" name=\"班主任审批\"></userTask>\n    <userTask id=\"usertask3\" name=\"系辅导员审批\"></userTask>\n    <userTask id=\"usertask4\" name=\"学生处审批\"></userTask>\n    <exclusiveGateway id=\"exclusivegateway1\" name=\"Exclusive Gateway\" default=\"flow5\"></exclusiveGateway>\n    <sequenceFlow id=\"flow2\" name=\"通过\" sourceRef=\"usertask1\" targetRef=\"exclusivegateway1\">\n      <conditionExpression xsi:type=\"tFormalExpression\"><![CDATA[${msg==\'通过\'}]]></conditionExpression>\n    </sequenceFlow>\n    <sequenceFlow id=\"flow3\" name=\"大小3天\" sourceRef=\"exclusivegateway1\" targetRef=\"usertask2\">\n      <conditionExpression xsi:type=\"tFormalExpression\"><![CDATA[${days<3}]]></conditionExpression>\n    </sequenceFlow>\n    <sequenceFlow id=\"flow4\" name=\"3天到7天\" sourceRef=\"exclusivegateway1\" targetRef=\"usertask3\">\n      <conditionExpression xsi:type=\"tFormalExpression\"><![CDATA[${days>=3 && days<=7}]]></conditionExpression>\n    </sequenceFlow>\n    <sequenceFlow id=\"flow5\" name=\"大于7天\" sourceRef=\"exclusivegateway1\" targetRef=\"usertask4\"></sequenceFlow>\n    <sequenceFlow id=\"flow6\" sourceRef=\"usertask3\" targetRef=\"endevent1\"></sequenceFlow>\n    <sequenceFlow id=\"flow7\" sourceRef=\"usertask2\" targetRef=\"endevent1\"></sequenceFlow>\n    <sequenceFlow id=\"flow8\" sourceRef=\"usertask4\" targetRef=\"endevent1\"></sequenceFlow>\n    <sequenceFlow id=\"flow9\" name=\"未通过\" sourceRef=\"usertask1\" targetRef=\"endevent1\">\n      <conditionExpression xsi:type=\"tFormalExpression\"><![CDATA[${msg==\'未通过\'}]]></conditionExpression>\n    </sequenceFlow>\n    <sequenceFlow id=\"flow10\" name=\"学生发起请假申请\" sourceRef=\"startevent1\" targetRef=\"usertask1\"></sequenceFlow>\n  </process>\n  <bpmndi:BPMNDiagram id=\"BPMNDiagram_studentLeaveProcess\">\n    <bpmndi:BPMNPlane bpmnElement=\"studentLeaveProcess\" id=\"BPMNPlane_studentLeaveProcess\">\n      <bpmndi:BPMNShape bpmnElement=\"startevent1\" id=\"BPMNShape_startevent1\">\n        <omgdc:Bounds height=\"35.0\" width=\"35.0\" x=\"110.0\" y=\"110.0\"></omgdc:Bounds>\n      </bpmndi:BPMNShape>\n      <bpmndi:BPMNShape bpmnElement=\"endevent1\" id=\"BPMNShape_endevent1\">\n        <omgdc:Bounds height=\"35.0\" width=\"35.0\" x=\"775.0\" y=\"110.0\"></omgdc:Bounds>\n      </bpmndi:BPMNShape>\n      <bpmndi:BPMNShape bpmnElement=\"usertask1\" id=\"BPMNShape_usertask1\">\n        <omgdc:Bounds height=\"55.0\" width=\"105.0\" x=\"265.0\" y=\"100.0\"></omgdc:Bounds>\n      </bpmndi:BPMNShape>\n      <bpmndi:BPMNShape bpmnElement=\"usertask2\" id=\"BPMNShape_usertask2\">\n        <omgdc:Bounds height=\"55.0\" width=\"105.0\" x=\"595.0\" y=\"30.0\"></omgdc:Bounds>\n      </bpmndi:BPMNShape>\n      <bpmndi:BPMNShape bpmnElement=\"usertask3\" id=\"BPMNShape_usertask3\">\n        <omgdc:Bounds height=\"55.0\" width=\"105.0\" x=\"595.0\" y=\"100.0\"></omgdc:Bounds>\n      </bpmndi:BPMNShape>\n      <bpmndi:BPMNShape bpmnElement=\"usertask4\" id=\"BPMNShape_usertask4\">\n        <omgdc:Bounds height=\"55.0\" width=\"105.0\" x=\"595.0\" y=\"170.0\"></omgdc:Bounds>\n      </bpmndi:BPMNShape>\n      <bpmndi:BPMNShape bpmnElement=\"exclusivegateway1\" id=\"BPMNShape_exclusivegateway1\">\n        <omgdc:Bounds height=\"40.0\" width=\"40.0\" x=\"455.0\" y=\"107.0\"></omgdc:Bounds>\n      </bpmndi:BPMNShape>\n      <bpmndi:BPMNEdge bpmnElement=\"flow2\" id=\"BPMNEdge_flow2\">\n        <omgdi:waypoint x=\"370.0\" y=\"127.0\"></omgdi:waypoint>\n        <omgdi:waypoint x=\"455.0\" y=\"127.0\"></omgdi:waypoint>\n        <bpmndi:BPMNLabel>\n          <omgdc:Bounds height=\"14.0\" width=\"24.0\" x=\"384.0\" y=\"107.0\"></omgdc:Bounds>\n        </bpmndi:BPMNLabel>\n      </bpmndi:BPMNEdge>\n      <bpmndi:BPMNEdge bpmnElement=\"flow3\" id=\"BPMNEdge_flow3\">\n        <omgdi:waypoint x=\"475.0\" y=\"107.0\"></omgdi:waypoint>\n        <omgdi:waypoint x=\"475.0\" y=\"57.0\"></omgdi:waypoint>\n        <omgdi:waypoint x=\"595.0\" y=\"57.0\"></omgdi:waypoint>\n        <bpmndi:BPMNLabel>\n          <omgdc:Bounds height=\"14.0\" width=\"42.0\" x=\"505.0\" y=\"41.0\"></omgdc:Bounds>\n        </bpmndi:BPMNLabel>\n      </bpmndi:BPMNEdge>\n      <bpmndi:BPMNEdge bpmnElement=\"flow4\" id=\"BPMNEdge_flow4\">\n        <omgdi:waypoint x=\"495.0\" y=\"127.0\"></omgdi:waypoint>\n        <omgdi:waypoint x=\"595.0\" y=\"127.0\"></omgdi:waypoint>\n        <bpmndi:BPMNLabel>\n          <omgdc:Bounds height=\"14.0\" width=\"48.0\" x=\"504.0\" y=\"107.0\"></omgdc:Bounds>\n        </bpmndi:BPMNLabel>\n      </bpmndi:BPMNEdge>\n      <bpmndi:BPMNEdge bpmnElement=\"flow5\" id=\"BPMNEdge_flow5\">\n        <omgdi:waypoint x=\"475.0\" y=\"147.0\"></omgdi:waypoint>\n        <omgdi:waypoint x=\"475.0\" y=\"197.0\"></omgdi:waypoint>\n        <omgdi:waypoint x=\"595.0\" y=\"197.0\"></omgdi:waypoint>\n        <bpmndi:BPMNLabel>\n          <omgdc:Bounds height=\"14.0\" width=\"42.0\" x=\"505.0\" y=\"177.0\"></omgdc:Bounds>\n        </bpmndi:BPMNLabel>\n      </bpmndi:BPMNEdge>\n      <bpmndi:BPMNEdge bpmnElement=\"flow6\" id=\"BPMNEdge_flow6\">\n        <omgdi:waypoint x=\"700.0\" y=\"127.0\"></omgdi:waypoint>\n        <omgdi:waypoint x=\"775.0\" y=\"127.0\"></omgdi:waypoint>\n      </bpmndi:BPMNEdge>\n      <bpmndi:BPMNEdge bpmnElement=\"flow7\" id=\"BPMNEdge_flow7\">\n        <omgdi:waypoint x=\"647.0\" y=\"85.0\"></omgdi:waypoint>\n        <omgdi:waypoint x=\"792.0\" y=\"110.0\"></omgdi:waypoint>\n      </bpmndi:BPMNEdge>\n      <bpmndi:BPMNEdge bpmnElement=\"flow8\" id=\"BPMNEdge_flow8\">\n        <omgdi:waypoint x=\"647.0\" y=\"170.0\"></omgdi:waypoint>\n        <omgdi:waypoint x=\"792.0\" y=\"145.0\"></omgdi:waypoint>\n      </bpmndi:BPMNEdge>\n      <bpmndi:BPMNEdge bpmnElement=\"flow9\" id=\"BPMNEdge_flow9\">\n        <omgdi:waypoint x=\"317.0\" y=\"155.0\"></omgdi:waypoint>\n        <omgdi:waypoint x=\"317.0\" y=\"270.0\"></omgdi:waypoint>\n        <omgdi:waypoint x=\"792.0\" y=\"270.0\"></omgdi:waypoint>\n        <omgdi:waypoint x=\"792.0\" y=\"145.0\"></omgdi:waypoint>\n        <bpmndi:BPMNLabel>\n          <omgdc:Bounds height=\"14.0\" width=\"36.0\" x=\"325.0\" y=\"190.0\"></omgdc:Bounds>\n        </bpmndi:BPMNLabel>\n      </bpmndi:BPMNEdge>\n      <bpmndi:BPMNEdge bpmnElement=\"flow10\" id=\"BPMNEdge_flow10\">\n        <omgdi:waypoint x=\"145.0\" y=\"127.0\"></omgdi:waypoint>\n        <omgdi:waypoint x=\"265.0\" y=\"127.0\"></omgdi:waypoint>\n        <bpmndi:BPMNLabel>\n          <omgdc:Bounds height=\"42.0\" width=\"100.0\" x=\"149.0\" y=\"107.0\"></omgdc:Bounds>\n        </bpmndi:BPMNLabel>\n      </bpmndi:BPMNEdge>\n    </bpmndi:BPMNPlane>\n  </bpmndi:BPMNDiagram>\n</definitions>',0),('7',1,'StudentLeaveProcess.png','5','PNG\r\n\Z\n\0\0\0\rIHDR\0\0\0\0\0\0\0颁\0\00IDATx\\}\rA޶)lL?&^HvN4T[pFBWIUd\n*T\rYPr;U<+ɶ^ca1Y0q<g7kܹ{/Y39\0\0\0\0Q}\0\0\0\0@\"\0\0v\0\0v\0\0v\0\0v\0\0v\0\0v\0\0v\0\0v\0\0v\0\0v\0\0v\0\0v\0\0v\0\0v\0\0v\0\0v\0\0v\0\0v\0\0v\0\0v\0\0v\0\0v\0\0v\0\0v\0\0v\0\0v\0\0v\0\0v\0ryhh(e2]sWP(JZ[ I\0699)۷onǎG,,.+0>>ayMdV9@ܑ\0jbqppػhv2Oˋ3;;\"I\0t$c=8OjO<ĺuժb$\r\0QXl4܎goTwS$i\0v&\'\'o^\\ӂo}-[Pi@\0zLťs mk~R: vH\0\0Jbtl7skiնla]I\Z\0B0xyqnyB]o.ygni>sԮ?u.vϞy`㦻j/}i``@uC\0%<̈===sBYG\\7/cyQKG/o,>FΜUu@쐤\0zť9p|vY/>o̓Y8(>Z5!J#I乫8 \n\0NHHç&<$Nj}#[RH/߶V-O	mT\0h\'$yf4m5I/gsbQ\\{og>ۺZv(U\0$I?BJt[VOxwsbK+|vO$/ﵭUKD*\0@;\'i/$_ju5pls+k\'΋+_\\{g5}y!wNﶭUKD*\0 ~LuI$ٌcaԢxAwzյ?uqr^,snۺZDt.1\0\\m`#xFF\Zln|7LT^[yaߡ_9]t{oΣoUgojQ\0#\"캰҉[$}ھJ ٭VԪ%sQ\06ᆇr84$\r\0\0?Z^v&$!GU\0Fg๾ d5	Z-\n(AU\0.I(ȟe\ZIZ-}\nBU\0@|>v-D#IOkų7\n\0@\njP#IZm$i\0\0͡CWįqۣ$sZ$\r8Q\0\\r/뮻sy[\rv@%7B<Mu]\nU\0H~뗪\\qwyLB>I37khu;=j۸?7j$i\0pjjjdd$wQ&i%Xޖ{I\ZU\0&tPY&驋5k֘ /`R^~flwoG:47<P؎^b\05^~P},	SՌdf.o\\6m$c6c#7wsIDn_h(\'knYaDU\0@MNN755@ѣ|>`m}.}2cngˮVZzO0Tu([T\0D.?D^RF<a36bݗߔKGѺVi;Ȼ;\0EbtF̕jBrxvú{b>?q`B9e]U\0~iGfvͺϖ?\\7{C(i;]U\01211Q(TE5\"[A-|!^pmPNYuCU\0@IGrdyv1^mgף1nagء*\0 .fggUE,=nohI\'l$\rt\0h$ôVI\Zp*\0 .6o<66(үߤHҀU\0q*Drj#INT\0F~j#INT\0E&qN>+VI\Zp*\0 .j4VI\Zp*\0 .H*h$h6U\0qARFoos{WVZj<?\'\0₤L&(k<?\'\0₤|>*-x{l6a IGctttxq@XTu@0j@\\QV/^B\'&&Tw;\0$Ȍ$~ZV.NQ\0$z}yz߄lV{^uqĨ\r\0qARRRBySSb IGlzzZѿb/&&f3h6\0I:zz}x]_*>#˴Zm\\m\\bqllL^4E6\0IZ){744T.Zn޼9ɐ6\0EI\ZI0;;K\0$i$y\Z$i\04<\r1j@\\PFj6\0I\Z&3LҙL<\r}0j@\\ihQ\0$ OC\0$i5OΪ> |\0$i7oLF0j@\\bz}ll<a I#HFm\044AFj0j@\\3OoڴZ>\0$ihH[<],HFm\04tV*HFm z^.r{t%]^B =p!\\=$iEnC<daho܎YX\\ԳsW`|||Æ\riOuGIZ;MFR0jMj59{N|xBθ IGyuyZ333\0ڀ9`c4ēO[:G՝.˲\ny\Z1Ĩ\r)<Ϳ=oݕx$(Qɪ	4bQ49998xR}nNK6tdV7y\Zqè\rLťs mk~R#IGNzuڀRT,ΚW~u-ږ-7<<$\r;m\\.755X/F40g_45+76d·>W\nqtY(^ŞSŮyV<{^|o灍V>)i/[Kd	ҳiH$#{h;\Z2F\ZP\" l\'e6M^]7=mWtYP>|_mf[\\:c49!άSKqV{.űyq켨%7^:a;sK|kRrÜ7xm 0U8UmY-;y\ZbPG^)\n\\.7}X^^DpZg˶;gqt__߇\'/.Mn처_^}hie?$%qjQ|(d>\\;gZ[1If2b.,.x|6>hKee`>|˪Pݪۢ>SyTuH\rYu/d?܎\Z\'~VShcTƛf쵑`IDZW{\Zi,d#9긹\"\Zs/﷭Uk7}ֵXXcѺeq2k62u[Vꎸ#fp,r97.n*w{G<%*mffFֳ=͙ҫ|\r&ߧƋI4ࣶeߵm뺮? j[c_εYXba~>{==+ٻ϶V.>l|jƊ3Fw1L_B\ZXzܒvcGTw4խFOe\rekׯw/L&]#TI4::*?mm\\7mo4ykBu݂b[H7p_Y/O\'ωN΋=ߺ/˯X١;>1~ym]ZݧO>m:ebt´N#WӋRrҖ#nfff\nO^v\r7Shr\".෾m/v}ږ{OП\rɫ7444<<RzQ9񎫦A=LQg\0¹G>}՞|Y3܊Չb^_jM߯|_t^yqv~uŝӻmjڸX\\&ActW_v}zܦAYuǄWeL:_җ\\MN盇)wJ&sS,Us2F+mhr;jg_땃5ޱչ? Z*flPNӋ//Gx.>Bζ;wUkʛON$KWmYX)zTwd+<~xV_uU7lW`3-Ow溽ӑ1쪈c90mAF:el\'j\Z]v7;V}6_ns2=Syao}^|vҁ{¾7:;nM	дO8aiKuަy׵/~q3޲TwdCf.J[eN+笯>eK3.3XTJCUh\'ope{\'I:xpeY[>1w=}՞\\}w{ӟzmEZXIىϖMô)x/H;o{-rKAYuǖlڹ_~_o.044d>$gN^3#X)KS1!Sb6ƍwoݺ5L|ɹb]gMiz՞\\{jk;IY&y{1:Wk|p~q Ȗ#غ{)]s5NLLwj=ST:B	ۛ&۱wxd\\xac[uu}棶-;7h{y^gt_Yk?Z3I\\\'p9c_6\\vmRt+X[z(JTw4gîI61χ2sS&=Ugv=w(5V[h\rdg6b1v/LkꦺjXd26m2JOVw2;c~͛U+檈Z^u5Ҙk?=׶\'Fla\Z	@uS>d}uw=qUllO)\"LZTE4&ˣK1h֭ct\"Әkߧ4kshS0n/\'LKa m6YƖ[\ZcY\"2RX,v5I?eMrqݍvja5<yL>_n95Lݷ5F?S-QT熜ʍ$qㅏa*OTElڴi֭]M)CڕW^9>>n{V֟a/	MQT&?u76~z%nHCUD>j3O4=%\\bk]vu]g}1kI~獮.G2pg	]nD2^ﺀ ܐSP7&t9d#\rU];k;=wFάO4UloW+N#?ZuE-8otc\rҗ{10/v-12^4AݣjHMu<7Ͽ҄nT5@h\\btЛum}Y-l	1:l.R>OmÀ[0eoI(%lܲӵG6Cw,\r}l6$i\'*k֬1B\'*ջ7c7lK\Zngu玺tvƖUjD|<3332LdӊvLnAWQnTmE֨yn_!ޥ	K\0/C6\ZiGr뮻r|1k\\g;^[=ڥS3O#´O^Q>,m}vZ>dpGTTs|ѽ,Xc|t*bX,Z=m/[NѣG{{{|&Ӵ1ټn||&HsE*7q^sTաQôkԧ>e\'L}t]ZԮƝ;wpHGu?7Tn\\z\'W46>004TEL}H&\r_S}211Q*\\?XK9:Q98dl5`ݨϓ~{ϙv:qbnTkuhz; 55mCܲP\'nIIUāInWEc9\Zz8]ma[2ȣ^(Tu^1/m}81m_Fv`g{iu\ZtJb\\:Y΄;ˡظOIUDt(KZ1=ꔳR\rY7kvݗ{<\'uwlb7llxhsR\'FwBn+:yZ^|G]\Z4L&c\\C4Ѣ*\"7x|硇UF\ZSۡS˶m]oZ\'\'L{}ѡk,[9kI-{\rD6hR\'b\\k׆WolPP}Uz.ƧJb3OQ#přm{㳺~sE׽~.\\ô0M6^,RBs]̧#@{_Owqa}g^4wA	Lz\"&m)Иit\rߚN^lw4׆GՃYA>:Kҧ_^}gf!\Zl#9bFM6>u,=U_p\\%gST^\Z3aZ-Msm7k#FꦺժY|+Lcʹc)o9}SQ֭[֟\Z/Xii1׾IkiV41:tT7-ƍOp2j yc7ctooԔ3F*bR0o[nyɧTkk\'Fֹed2b|w-mI|WenZvITP$g>,c8NVE|++ht̵unn3Co޼xE\\\'uw_R8W~$ֽDRmn}1:Œ]1WLy}sgC[DT\ZsV[(5:qbtPݺU3C/r6)4X,ٝ}tppк⼩#ݒZI!T۵fe2?ضM.=ߔZcZmɝk:qbtPTW6ɘ\0kHooouy=444ğ^\"d!\Z~[dPvႼg26|Z>dsV[Z\\NUT-OnHXtMN;)/IUt7㉉	Y_ZHr7GoosVV^Ԓ5Ƅ5L#@ue%a9ZN\\P(lݺס\0\'ķ~fe 6n0}btV忑2%Su4;B<Ž*\0Uӓ[Wīʏ٬K*e FGN_u+Ү]/HҀ;^j?,=3ENSuІkF&o|AUl{VZV(KЪy:PnUeh6!}M6idզ\n-H?\rٿ$-!IGNtuzllL;+~˯z%Oz=	fgwd_vd#IGNhu[3DGR(q5הJ%U?Je`JeBW%SS#IGNVu\'CϐM1jMLOOvt/GsԿ4 IGNDu*C{1#=_4\Zbcp1TgK\\B!\'o IGsuWbmx?p\'˶᪫\"IkQJZoM+nӭnI\"TU2333 Ų=1jOuEzH^3\re9Hgehe9HgJml5GV,t333S(l3$wZѳЇ%䭢l5GV,tml5GV,-e@j;YT2$wZѳHs\rVst?<iE\"MЦl5GV,Aml5GV,Nml5GV,kbbbZehe9HgD2C\niǢ\0e9Hg,fQ},PaN+zVz^.r\\&ѕ<wyd2.JZ犑M=~ yӊUbrrR&Ho܎YX\\ԳsW`|||Æ\r<\\dhVst?<iEFVc[X\\YۉO<-/ꎊ5Vst?<iEFI聁l{laq՞xuUU_~ yӊRXl4܎goTwW|QaN+z627/.iAڷ}-l5GVl4z&yxuq-H;ڵ_T*.([@0p=RT,ΚW~Nu-ږ-7<<∲$wZѳ(\n/b̓?xsQ6/ϋ=sKcv-]ux7ݭ<*i/PuqDj;\"Y́E#<oq	qfEZ-B_sg\\8(͋cE./\rܙ.RVh$wZ)Oҭ.c.KsFyvY/>o̓Y8(>Z5!J#IbۡjqY4GVO҇\Zoxp[VOMxfI<\'/,PվG$+b_|ym]Z\":7z\\@0pUooo^`G!&7>֖k5j^\'ΊĢk鹴?`]q}ujqY4GVLK_&)\\QO7<9iٌww<\';->8/|ꫯ.bgD^ۺZDtn,aNvpmdt\Zif6Q}5Ŏݕ/~՚_s;wժų7h;rTb<>|xz; >6q2LZ/N/x|.Nwm[W΍Est?<iU,KRqzgG-+gKùn|7LT^[yaߡ_9]t{oΣoShIұe$wZ߽]X<O$G-op]%FھME[oU*e$wZU*l6]=^e\ZI$nUˢ9H:9>ϥf-mY$!>Uˢ9Hۼys\rC-}FK[F>Akų7h;z&U} iHZm<,	bϝο\nLMMr9Gf$>Fh$m\ZΜnC+r#Izj]qY4GWb^W|p>j$:d<qۣ$it,5i iPpMNNf26ݪz~%O.뮳>H?ﰙmk>;\r:PNY]Est?<$i3\n;xuۻFXjL2Oyy#O~W\\qŝw)h<뼙qYg;^?~0^#.~ y3uul{Ϝ2Ir w҂o߼Sۊ%ֹ}R#.~ yzkbk͚5f\Z!JE\\xMNzGmںY֚mKgWˢ9H5+;i5iAFj5)f.o\\6m$c7\\o/cgGݙmuƦilqY4G?p;SkDXKbѣ|>>.	6m 7=SEst?<^uem[bv蟤]_bkbbT*~t7tm.`>5wxotpY4Gp	e@*5\"NOhtnzömf}Y8h$cyڕp{1۹\\s\ZbAe:쎵7B<M]G\\@0phD̷ClA6賌񐹀sI=Mo[`ۧˢ9HndV-v.fOi8hD#Y	Ye38Wt.\\k_|ɪ8hD#Yy\\qY4G\rtߤy\\qY4G\rt$MEst?<@\'dy\\qY4G\rtߠy\\qY4G\rt+V#+.~ yN4V#+.~ yN;oe5ZKEst?<@\'2o?rRcqe$7Љ|>*-x{l6Yst?<@\'FGGTM~XzX,8b@$7Љj~\\}ϊ8@\n?PuqĀ9HnC#6WhAah(bYst?<@z.b?ͿfPTi1ŀ9HnsJe`JeBW1Z15/d@0pazt/GsԿXc@$7z><\\/vvY!j*~hhP۪(5G\rkjjX_AOO_ߕCC70[Yot?<\0Ța`@$7\0~ y &5G\r\019Hn\0	d@0p@L0 k\0bYst?<\0Ța`@$7\0~ y &5G\r\019Hn\0	d@0p@L0 k\0bYst?<\0Ța`@$7\0~ y &5G\r\019Hn\0	d@0p@L0 k\0bYst?<\0Ța`@$7\0~ y &5G\r\019Hn\0	d@uG\0 I\'TUG\0 Ig```ffFQ\0fggUT\"Iɓ妦T\0Zf2GH@R(\0@w|^Q@%4<2F0(\0@w#\r*T*lVQ\0ꣀJ$i C\0Pkvv6𙤚#I466yfG\0b I	U3\01@jjj*˩>\n\0I\ZHo\0\"666i&GX I6<<kb\rI\ZHL&322;\0KjؘlySH@\Z!^&i9yyPtttP(vͼ`4z}rrR&\\.\0N\'&&x\\8\0\0\0\0IENDB`',0),('75002',1,'StudentLeaveProcess.bpmn','75001','<?xml version=\"1.0\" encoding=\"UTF-8\"?>\n<definitions xmlns=\"http://www.omg.org/spec/BPMN/20100524/MODEL\" xmlns:xsi=\"http://www.w3.org/2001/XMLSchema-instance\" xmlns:xsd=\"http://www.w3.org/2001/XMLSchema\" xmlns:activiti=\"http://activiti.org/bpmn\" xmlns:bpmndi=\"http://www.omg.org/spec/BPMN/20100524/DI\" xmlns:omgdc=\"http://www.omg.org/spec/DD/20100524/DC\" xmlns:omgdi=\"http://www.omg.org/spec/DD/20100524/DI\" typeLanguage=\"http://www.w3.org/2001/XMLSchema\" expressionLanguage=\"http://www.w3.org/1999/XPath\" targetNamespace=\"http://www.activiti.org/test\">\n  <process id=\"studentLeaveProcess\" name=\"Student Leave process\" isExecutable=\"true\">\n    <startEvent id=\"startevent1\" name=\"Start\"></startEvent>\n    <endEvent id=\"endevent1\" name=\"End\"></endEvent>\n    <userTask id=\"usertask1\" name=\"班长审批\" activiti:candidateGroups=\"bz\" activiti:formKey=\"audit_bz.jsp\"></userTask>\n    <userTask id=\"usertask2\" name=\"班主任审批\" activiti:candidateGroups=\"bzr\" activiti:formKey=\"audit_ld.jsp\"></userTask>\n    <userTask id=\"usertask3\" name=\"系辅导员审批\" activiti:candidateGroups=\"xfdy\" activiti:formKey=\"audit_ld.jsp\"></userTask>\n    <userTask id=\"usertask4\" name=\"学生处审批\" activiti:candidateGroups=\"xsc\" activiti:formKey=\"audit_ld.jsp\"></userTask>\n    <exclusiveGateway id=\"exclusivegateway1\" name=\"Exclusive Gateway\" default=\"flow5\"></exclusiveGateway>\n    <sequenceFlow id=\"flow2\" name=\"通过\" sourceRef=\"usertask1\" targetRef=\"exclusivegateway1\">\n      <conditionExpression xsi:type=\"tFormalExpression\"><![CDATA[${msg==\'通过\'}]]></conditionExpression>\n    </sequenceFlow>\n    <sequenceFlow id=\"flow3\" name=\"大小3天\" sourceRef=\"exclusivegateway1\" targetRef=\"usertask2\">\n      <conditionExpression xsi:type=\"tFormalExpression\"><![CDATA[${days<3}]]></conditionExpression>\n    </sequenceFlow>\n    <sequenceFlow id=\"flow4\" name=\"3天到7天\" sourceRef=\"exclusivegateway1\" targetRef=\"usertask3\">\n      <conditionExpression xsi:type=\"tFormalExpression\"><![CDATA[${days>=3 && days<=7}]]></conditionExpression>\n    </sequenceFlow>\n    <sequenceFlow id=\"flow5\" name=\"大于7天\" sourceRef=\"exclusivegateway1\" targetRef=\"usertask4\"></sequenceFlow>\n    <sequenceFlow id=\"flow6\" sourceRef=\"usertask3\" targetRef=\"endevent1\"></sequenceFlow>\n    <sequenceFlow id=\"flow7\" sourceRef=\"usertask2\" targetRef=\"endevent1\"></sequenceFlow>\n    <sequenceFlow id=\"flow8\" sourceRef=\"usertask4\" targetRef=\"endevent1\"></sequenceFlow>\n    <sequenceFlow id=\"flow9\" name=\"未通过\" sourceRef=\"usertask1\" targetRef=\"endevent1\">\n      <conditionExpression xsi:type=\"tFormalExpression\"><![CDATA[${msg==\'未通过\'}]]></conditionExpression>\n    </sequenceFlow>\n    <userTask id=\"usertask5\" name=\"学生填写请假单\" activiti:candidateGroups=\"xs\"></userTask>\n    <sequenceFlow id=\"flow10\" sourceRef=\"usertask5\" targetRef=\"usertask1\"></sequenceFlow>\n    <sequenceFlow id=\"flow11\" sourceRef=\"startevent1\" targetRef=\"usertask5\"></sequenceFlow>\n  </process>\n  <bpmndi:BPMNDiagram id=\"BPMNDiagram_studentLeaveProcess\">\n    <bpmndi:BPMNPlane bpmnElement=\"studentLeaveProcess\" id=\"BPMNPlane_studentLeaveProcess\">\n      <bpmndi:BPMNShape bpmnElement=\"startevent1\" id=\"BPMNShape_startevent1\">\n        <omgdc:Bounds height=\"35.0\" width=\"35.0\" x=\"40.0\" y=\"110.0\"></omgdc:Bounds>\n      </bpmndi:BPMNShape>\n      <bpmndi:BPMNShape bpmnElement=\"endevent1\" id=\"BPMNShape_endevent1\">\n        <omgdc:Bounds height=\"35.0\" width=\"35.0\" x=\"775.0\" y=\"110.0\"></omgdc:Bounds>\n      </bpmndi:BPMNShape>\n      <bpmndi:BPMNShape bpmnElement=\"usertask1\" id=\"BPMNShape_usertask1\">\n        <omgdc:Bounds height=\"55.0\" width=\"105.0\" x=\"265.0\" y=\"100.0\"></omgdc:Bounds>\n      </bpmndi:BPMNShape>\n      <bpmndi:BPMNShape bpmnElement=\"usertask2\" id=\"BPMNShape_usertask2\">\n        <omgdc:Bounds height=\"55.0\" width=\"105.0\" x=\"595.0\" y=\"30.0\"></omgdc:Bounds>\n      </bpmndi:BPMNShape>\n      <bpmndi:BPMNShape bpmnElement=\"usertask3\" id=\"BPMNShape_usertask3\">\n        <omgdc:Bounds height=\"55.0\" width=\"105.0\" x=\"595.0\" y=\"100.0\"></omgdc:Bounds>\n      </bpmndi:BPMNShape>\n      <bpmndi:BPMNShape bpmnElement=\"usertask4\" id=\"BPMNShape_usertask4\">\n        <omgdc:Bounds height=\"55.0\" width=\"105.0\" x=\"595.0\" y=\"170.0\"></omgdc:Bounds>\n      </bpmndi:BPMNShape>\n      <bpmndi:BPMNShape bpmnElement=\"exclusivegateway1\" id=\"BPMNShape_exclusivegateway1\">\n        <omgdc:Bounds height=\"40.0\" width=\"40.0\" x=\"455.0\" y=\"107.0\"></omgdc:Bounds>\n      </bpmndi:BPMNShape>\n      <bpmndi:BPMNShape bpmnElement=\"usertask5\" id=\"BPMNShape_usertask5\">\n        <omgdc:Bounds height=\"55.0\" width=\"105.0\" x=\"120.0\" y=\"100.0\"></omgdc:Bounds>\n      </bpmndi:BPMNShape>\n      <bpmndi:BPMNEdge bpmnElement=\"flow2\" id=\"BPMNEdge_flow2\">\n        <omgdi:waypoint x=\"370.0\" y=\"127.0\"></omgdi:waypoint>\n        <omgdi:waypoint x=\"455.0\" y=\"127.0\"></omgdi:waypoint>\n        <bpmndi:BPMNLabel>\n          <omgdc:Bounds height=\"14.0\" width=\"24.0\" x=\"384.0\" y=\"107.0\"></omgdc:Bounds>\n        </bpmndi:BPMNLabel>\n      </bpmndi:BPMNEdge>\n      <bpmndi:BPMNEdge bpmnElement=\"flow3\" id=\"BPMNEdge_flow3\">\n        <omgdi:waypoint x=\"475.0\" y=\"107.0\"></omgdi:waypoint>\n        <omgdi:waypoint x=\"475.0\" y=\"57.0\"></omgdi:waypoint>\n        <omgdi:waypoint x=\"595.0\" y=\"57.0\"></omgdi:waypoint>\n        <bpmndi:BPMNLabel>\n          <omgdc:Bounds height=\"14.0\" width=\"42.0\" x=\"505.0\" y=\"41.0\"></omgdc:Bounds>\n        </bpmndi:BPMNLabel>\n      </bpmndi:BPMNEdge>\n      <bpmndi:BPMNEdge bpmnElement=\"flow4\" id=\"BPMNEdge_flow4\">\n        <omgdi:waypoint x=\"495.0\" y=\"127.0\"></omgdi:waypoint>\n        <omgdi:waypoint x=\"595.0\" y=\"127.0\"></omgdi:waypoint>\n        <bpmndi:BPMNLabel>\n          <omgdc:Bounds height=\"14.0\" width=\"48.0\" x=\"504.0\" y=\"107.0\"></omgdc:Bounds>\n        </bpmndi:BPMNLabel>\n      </bpmndi:BPMNEdge>\n      <bpmndi:BPMNEdge bpmnElement=\"flow5\" id=\"BPMNEdge_flow5\">\n        <omgdi:waypoint x=\"475.0\" y=\"147.0\"></omgdi:waypoint>\n        <omgdi:waypoint x=\"475.0\" y=\"197.0\"></omgdi:waypoint>\n        <omgdi:waypoint x=\"595.0\" y=\"197.0\"></omgdi:waypoint>\n        <bpmndi:BPMNLabel>\n          <omgdc:Bounds height=\"14.0\" width=\"42.0\" x=\"505.0\" y=\"177.0\"></omgdc:Bounds>\n        </bpmndi:BPMNLabel>\n      </bpmndi:BPMNEdge>\n      <bpmndi:BPMNEdge bpmnElement=\"flow6\" id=\"BPMNEdge_flow6\">\n        <omgdi:waypoint x=\"700.0\" y=\"127.0\"></omgdi:waypoint>\n        <omgdi:waypoint x=\"775.0\" y=\"127.0\"></omgdi:waypoint>\n      </bpmndi:BPMNEdge>\n      <bpmndi:BPMNEdge bpmnElement=\"flow7\" id=\"BPMNEdge_flow7\">\n        <omgdi:waypoint x=\"647.0\" y=\"85.0\"></omgdi:waypoint>\n        <omgdi:waypoint x=\"792.0\" y=\"110.0\"></omgdi:waypoint>\n      </bpmndi:BPMNEdge>\n      <bpmndi:BPMNEdge bpmnElement=\"flow8\" id=\"BPMNEdge_flow8\">\n        <omgdi:waypoint x=\"647.0\" y=\"170.0\"></omgdi:waypoint>\n        <omgdi:waypoint x=\"792.0\" y=\"145.0\"></omgdi:waypoint>\n      </bpmndi:BPMNEdge>\n      <bpmndi:BPMNEdge bpmnElement=\"flow9\" id=\"BPMNEdge_flow9\">\n        <omgdi:waypoint x=\"317.0\" y=\"155.0\"></omgdi:waypoint>\n        <omgdi:waypoint x=\"317.0\" y=\"270.0\"></omgdi:waypoint>\n        <omgdi:waypoint x=\"792.0\" y=\"270.0\"></omgdi:waypoint>\n        <omgdi:waypoint x=\"792.0\" y=\"145.0\"></omgdi:waypoint>\n        <bpmndi:BPMNLabel>\n          <omgdc:Bounds height=\"14.0\" width=\"36.0\" x=\"325.0\" y=\"190.0\"></omgdc:Bounds>\n        </bpmndi:BPMNLabel>\n      </bpmndi:BPMNEdge>\n      <bpmndi:BPMNEdge bpmnElement=\"flow10\" id=\"BPMNEdge_flow10\">\n        <omgdi:waypoint x=\"225.0\" y=\"127.0\"></omgdi:waypoint>\n        <omgdi:waypoint x=\"265.0\" y=\"127.0\"></omgdi:waypoint>\n      </bpmndi:BPMNEdge>\n      <bpmndi:BPMNEdge bpmnElement=\"flow11\" id=\"BPMNEdge_flow11\">\n        <omgdi:waypoint x=\"75.0\" y=\"127.0\"></omgdi:waypoint>\n        <omgdi:waypoint x=\"120.0\" y=\"127.0\"></omgdi:waypoint>\n      </bpmndi:BPMNEdge>\n    </bpmndi:BPMNPlane>\n  </bpmndi:BPMNDiagram>\n</definitions>',0),('75003',1,'StudentLeaveProcess.png','75001','PNG\r\n\Z\n\0\0\0\rIHDR\0\0\0\0F\0\0\0B1\0\03IDATx[U~q/:2m0[Um*ͨ?TU\"G\"-Uhw\n*T]vg-ZѺZc\nd-IH&		8!4ę9.k=\\_*s=x<)\0\0\0X)\0\0\0\0`\0\0\0\0\0\0\0\0\0\0\0\0\0\0\0\0\0\0\0\0\0\0\0\0\0\0\0\0\0\0\0\0\0\0\0\0\0\0\0\0\0\0\0\0\0\0\0\0\0\0\0\0\0\0\0\0\0\0\0\0\0\0\0\0\0\0\0\0\0\0\0\0\0\0\0\0\0\0\0\0\0\0\0\0\0^h4Jp6Mө^%]|>_,f\0&&&diG}vǎGf}G`6lDzՍ =\0GB044tcssN|pBzypU7\0Hn{dn~\nǟx|ݺuZMusC\0BLzv37@=\0LLL\r4РԷ}ϖ-n4\0\0h4;k(5s棵kTVU7\0z\0@o)Ba~]7ڲoGFFT7\0z\0@o+/ƛ~.EƼxuV{fO\ZbYy6n~bOK{_Tt\0\0%<ώTjF3KԂpN/E]S86+8 ~Ez:9sOuG\0N_Jfbvqo_?!N/SyQ/7Low\r \0zNd?Y\'ω~7\\3~s{%\018t6Ї\ni{-Pv-EqxoF17;TT?|➽\\ҶA08x!o|jkVOe}9iyW^yſpek>7|SeD	\0=g^A[Yf(%<$>l,_?q^]>kWˏ13+.?qns{h\\718 VzuA7>@]6Lj^|4\'==Gϊ\Z89+d߹k=UF4.Л\0sBow-Df(Ю7{T\'>/ٮW_<=ןCxvm:Sgkz\05V,\rgA!waKFdf?鬯ߙHz-\'TѸ@obp@oYE]C_k֊7SzhN\0!#+&VKz\0zȊYQk+}/GYr@j4oV18WxYߎkVK6z\0/g5-Y@jٚ\0\0HRV>TE\0$͡C˷ozNZz@[N\0@4\Z.\\rɵ^Z/\\\\|\n_`%7:@\'\0 .;dv^NQùѩ\"bpdT*ُt$zon)Ov_;(7@R18@k2>e|,7>aYfM\0VUq\n;m(ܫ\nuwګnLGZV	\0.ƗebznL&swKh3k8uZ~C%Cz#;kYa\0MLLZTTo=חȈGvӡm{!k}%xy=um	\0)lCyŢ1he#/*GrYk;coF\008@/2g9.ڬۮeu(ӑ]Vt\018@/ׯTILoYΕطC!o#M\04R.Hf}8O\\[Ț?]2%|o[座#\0cpFrĄHf=N}/vo^Уnna{\0cp.ToEu*zc0{>-J\"7!\"\0]yx4a\"bp.6o<>>z+ߠZ-=-\'\0\"b !\"bp.x4TE\0]i߿lj*jm18@4kTE\0]R\0tA`G__߹s{R-\0tA`G:~뭧c	h	\0 0#=5uIBEת?d2?&\0>ccc##w,TQB\0c\0\0]Q2/k^/S+r\0c\0\0]c3l(U*F\0tAMf<9BLQ5=#Iϩn4\0<\0@8Uk\'>*|*V\\\00y\0.1~l/Ky\\~0I1y\0.k4\Z##lbqtzi!^Jw7Yyy\n<h?&\0^J\"@\nTpTZyt:M\0Haib=&\0!`\0\0]ab=&\0bh^W9@a\0\0]a4eOz fL\0=Xď\0tAGb81y\0.HgV9@b1y\0.H$;o޼Xt\0@k4\Zz<\0@z$&\0=Xt\0@bM6j5՛\0tAG~֭2\nb=:L\0=zYX$L(JlVRJ<|^5#4Š&3N@ۢ&Ą<aG}vǎGf}G`6lDU7?̸&3Q@[MZz.PCCC967?G9\',\"V_z@d\"ǌѭb|555j\0#0yJN?,T?u4*CdF#ǉm.J<BМ<SgnU72̸&3\Z>NnFw\\&A<31114tBR=[OT:4at:/&4\Zt:9*J͜h/UU̔Rd	@M\\<bR,Yn}%9Seߎd&K\0}<VfJE\01y$o?><n\ZGYVYO?kNOCjg3vظ.r%IyU4aw\'+}莇L&b=zcd2/JN3BYćsW.űYq켨57	9s&3Vd\\!i\"on&sIl>:tΧzj1cݱ!֣iqn\rh4h>~,{JAױN_JN	gCK~;B^ŇB3_n3Y\nLU4	m/x!Ro|t{ᇮw:}ͪ0Un\'ևbN9T듣E{vOz\'ayF^~)9KxfA<\'/, ~|._sy兗SpbnWsj4oUW2\'%ygroa\n1c1cDg,É%!eܺu}u vsjjJB9`dp6|M9]Ǣ8qV7#慘\\sM*uq*w˟mp>q}T4YכN)χmR~>ՖՊ7w1_Bz׫e1j`dB)#k[~Q)Nw䥁(\Zcccr=+Fy\'gM6n9+ޓĻŞo^y¥ퟚ?vܞ*Ձ&t]k&\nJcؽbq>1wmSUi֬;ѭT>k׮CBՇ\no;?> {\Z\Zr-)_ݬOPN9`GFFZǇ]kućB\'΋_\\{~5y!ff\'znO&R+]A|W^J?mS(kVDPˊ_җ|wGd``~J:mZN)JN\'pzj!GvYE9͉wOϿpw|⽆x!N\n9ܵܞ*&R-^(i]}ų|m׬;ѭowk+ky\'d{~.X뛜}Cy{^޸7{T\'>/ٮW_<=ןCxvm*?AdB~梧NfzGc\nWo\"Y	Fwl[Cv/ig֥FlYE&yQ޾N\0X;ɱzܚǇzbO@Od:Ŝ?z_iJAp>ʚ`t6%{&q6^zu\\u~k=r+e$)G|4oƍwmݺU4珓T:Ы?ժ}eLKN=A*9\"Y	Fwl[[s\rUW]e}v\\\\ݵyg=ēU:Ii~us[x{Wj)wjRB2y9_sM&S\'>8vn֥LrG>h(Oo81:=d2\'֏\\#<VrpZiުV	R*IS~yõW_fz+[	{g1^ZP(M6YCOcH&9=sޛ͛7W$)Vrr(;>jꏀq)uBҼŕiL\rnFw9qw`,Zm]D)r6}Kiުu-Q=RGiyΛi{L&F7;R.%f=lpB@-###qTT\n1MZݞ?h2L![/pfǟxһ2}8F7;HHߐ\Zwr|u<lx˔b\'Mn@쎟Q_}vף\Z4qMc	NL饗FId1A7X+_~}G)\\.hT>rӱQѸ袋z%\\{\0!e/Z2.ZIгZڌagKjdWKt]]ک5>;\r>b\'Ӈv3Ɨ\Z~\r_L ;opb=ԍ\"ct:plpv+uz挜)b/;*e/As({1ʽ˸^.ʡp.sZًy{H^uy|H_1͓uvt12A8Ç,7/RD_T1@(Rr8uM|G-.ϵouV,;n*s=\n[C#\nmԧa6F7vPALѿg]kg>mۏ\"x!%®5bM\n_ |S];z`tY?DYU/$.d^9x0@NY>)乯Z	\\.Zgztm_6{lUA?tuibh2}t)O|prswX|w\ru+>:\r(t 1;opbߥb_cQ֥%Vz;J%XxN|o.ܐ;$|y{zwleƊFַV\\s;ؽ&Gx2}HIA1ObpKؐeΞR}/nD9`U8eP(8TJ7j/[.=:z|Ȉ#-)?z;˯\\z\'O-q/Zk1,8H5\\x+:_5>;%<|3{B2=i>DWG8rjߡe[\Z8$ct\rN?XU>J`|ðaܩr\\,}ݶs˯xw-t}=εlZ1	#6`WL!z}ޛI+Z=Kx;3@bFwH%lb|xx8F)r 7]\rCCCvХy\Z=\ZTf%]\nZ2d\\ύvгڈ{=JkŃpQVTdzf4o}Mߜrfz|Vw.\n\ZTi8V̙֡y*V.NQ$ߋPF[t|\Z]E(-s$YuڷCcE]΂6Ɉ&[]%]\r~TNidf\rl27Tz3А-Hks CfSb؏B]:N֑ܾK%grpvS7yAr{<,gO+<]e\\[Z>ň&kiBp9\"`xnLg!杙4q\ZndКNO#cv^7[w	rp6\Z\r>F/GWKfĊpKD|ubu-=n)F4Ymr.tOuiwʛLs>GY4\r;x{s\Zq?4<$its=+_olH,K0\rgTy^\\?Xy(wW|QGŬAKPzMrF!&wI;Λ\Z+满r\Z>!#;ÇgSk7\0I\Zݿ{F3̟\'{[#;M6u$՛oh7=0jꏀq))g;j?/%}+_Iޭ_޺_fvjL#/Ui$Y׭[שߎ>B=ջ֜?ޠZ-Ձ^04wI4qnF7nC.+2ۿ\"xձwiRc$ZL;`{7?ēwqMf\\$z\'wGtP(뮻dw-)}^V_?i#UN9]w:Ϳr|Wgcij\rwJƔ(4%v߼yїR$wo_~}Z>\\.;CVbw]ۜ!ͣ4\Zz]No{_.==s;>h}nGNjS@WOq\natFy__d2!M}3X/2\r\r9\rbCKkȀ_m\\)\'?՛9TVKuW+s|%2=iݽ3MQ^[.a~qp/|S՛oy(G[oM.ajM^YsxjTzG2qW˛I-SXHo\\IP\r^rONN@DN\\.cd/Jdܹ}KKR-&30=2ʏt\'2~p288\n\'֭[*18@zzi R)?h2hV?|i>n;c\'}</}p&F.{jbx^Udh2JmNxDH1`t\'ot+Ү]>/\"dllldgdG^ɌkŃѝѭ*[*o>&Z-¹ƞ%qX8nMm#\rN趾BCUz!5eTnMsd#ǆm趣׵K/l`aOf<9BkzzG&z}\'MfJid#ǆmvFyو\n$;檫*\n=#Vjupj,TrmZFdF#ǉm\'ʋywo\rCb䤜BB}3tϪ4qMf.}FnGBE;ovRQiQL\nH!XgKU*P>U7Mf\\@?FΣV\n}g?+ca;tW\n2r\n20t_><|BT7KɈ&3N@ImEy`ԔH񰕷(GoFRz<:aH*Z̸(oaBB<IEˢ7UUa0$-^3553Q°腀y?Eﰢ`\\V-maBB<IEˢ$&[0GRѲHEy:aH*ZIUT-[^#hY$٦Ey:aH*ZIbGyyCt:aH*Z#Q°腀y?z*[0GRѲ0W\\^~}OEy:aH*Z&Q~pp0ONN0GRѲ0姦To2[^#hYU\ZFT\Zft:ի# zX!G(oK1lz!`揤eAVG};927?ߛ%]۷oذA뽇(°腀y?Y^/\nCCC967?G9\'dgzzZuCia0$-\'푹Y*uj5ͥ/-t@/Tl\nB3͟pn.}1lz!`揤ec31114tBR=[ܯ4Ű腀y?GH/̙֮RZUt:bBB<IEƣX,\nvݘJ/vt>j˖Qt:bBB<IE#o?>I7\r\\y?+,?ӧ5\'!v5γ{;ltl^;988tİ腀y?*\rz+lX<2X%nF3KԂpN/E]S86+8 ~E3=X3gNn:%ltPB<I<зYo?8y|~a*gCK~;B^Ň.3_n,mT-t@/T]?txkVO%< Ns{wo*/fTѸ@B<Ih4bx\\_Z՚kk9/g{3b^5פRR}znO?t@/TtKsnQ쩍~qސ>rsxxs+_5S~K{]2qa腀y?jpppjj*\nJQCᇮ6x\\3?[6П8/v~qu+煘ggsr=Uzr^#lRXg^S}>=!7ra#mԼhN{zޟ5\rqrVHsns{hqXz!`揤*\nbۯvM5+\nox7NNU[}~ߡ^>]x{蹽?nU	Z@B<IeӮwG}?t׿~׊[\\Oҿe@B<IUV3LW_>}5+\'VKfU0$XW/sBRKݬ5+?Z-T!t@/`7ojCpPK_PҚ5\'VKT0$XHӪ7$ɚ}Dt\ZrSW*J6UIQ:i\'лw(Ogh7>xSJRПmib@B<$)4:kdd$ubCY/߾}Q=8,0OWG&&&(oUѸ袋z%\\{Ϋ@6^kmA+yшk\r.kR}qXz!`vȽIy>^FuerFRQEpE/.~Y&d=A?1V:	?VOY*1tbbBl6b+#T۷C^Dג[]ȍZP:2 +f\Z{ۡj*.\\\n_ﳼuû/\\km+nmK{Uua腀yV?ݻp+@uKg2;S[*GX?eۮG;֪8,0O\r߾I=b-4Grt:=22f}Zm[{7v2}qXz!`uuܽ?z߫rX*n黀3+o;	z@t@/qDDj&ݣTH8X-]kՆVt:@B<z/wi߻`夻T`EYa2GKs<{ta腀y?v4[(+Yz^okYwSu0\0h7;XQV({:NG^hG3H9>Pex]ƻ@kyYvVu0\0hTř:a\0oPg_^h@A^hAKKV3/t@/_Z-<8,0ЎfRg_^hG3пFZy|qXz!`}}}[Zzj8@B<@;[o=tj8@B<@;rS[+TzL&t	:a\016662rlV@PPt:0\0j5,T\\.n:qB腀y?6.۴$^Կ~x84	:a\0h4/ONޑ|^ߩ4	:a\0WVVBLQA%Ӽ|S<	:a\0:brrRfbrL&]\Z\'d^F12Rf+fz!RJ7<<gmM;N0YJP_M!|x&U7Rz!`\0\'d^\04	:a\0\0MpB腀y?\0@z!`\0\'d^\04	:a\0\0MpB腀y?\0@z!`\0\'d^\04	:a\0\0MpB腀y?\0@z!`\0\'d^\04	:a\0\0MpB腀y?\0@z!`\0\'d^\04	:a\0\0MpB腀y?\0@z!`\0\'d^\04	:a\0\0MpB腀y?\0@z!`\0\'d^\04	:a\0\0MpB腀y?\0@z!`\0\'d^\04	:k4\Z\0@腀ytVS\0\0=@/388855z+\0MOO\n@(V*[\0Vi[\nbz+\0MLLr9[4/3\0^7ڤz+\0=`jdTo\0\\.711z+\0=`&~/\0ԚN|0t@4>>yf[\00Ah4\r^IZ!T*lVV\0@/Ơ=`Q\0b6>>i&[|@mdd$u\0h4\ni!ƛHӣ|\0^˓-@șFz9r9yR\"\0Hy:yf@Oz 9\ZĄl6\0h<e>\0\0\0\0\0\0\0\0\0\0\0\0\0\0\0\0\0\0\0\0\0\0\0\0\0\0\0\0\0\0\0\0\0\0\0\0\0\0\0\0\0\0\0\0\0\0\0\0\0\0\0\0\0\0\0\0\0\0\0\0\0\0\0\0\0\0\0\0\0\0\0\0\0\0\0\0\0\0\0\0\0\0\0\0\0\0\0\0\0\0\0\0\0\0\0\0\0\0\0\0\0\0\0\0\0\0\0\0\0\0\0\0\0\0\0\0\0\0\0\0\0\0\0\0\0\0\0\0\0\0\0\0\0\0\0\0\0\0\0\0\0\0\0\0\0\0\0\0\0\0\0\0\0\0\0\0\0\0\0\0\0\0\0\0\0l-r7x3\'\0\0\0\0IENDB`',0);

/*Table structure for table `act_ge_property` */

DROP TABLE IF EXISTS `act_ge_property`;

CREATE TABLE `act_ge_property` (
  `NAME_` varchar(64) COLLATE utf8_bin NOT NULL DEFAULT '',
  `VALUE_` varchar(300) COLLATE utf8_bin DEFAULT NULL,
  `REV_` int(11) DEFAULT NULL,
  PRIMARY KEY (`NAME_`)
) ENGINE=InnoDB DEFAULT CHARSET=utf8 COLLATE=utf8_bin;

/*Data for the table `act_ge_property` */

insert  into `act_ge_property`(`NAME_`,`VALUE_`,`REV_`) values ('next.dbid','77501',32),('schema.history','create(5.20.0.1)',1),('schema.version','5.20.0.1',1);

/*Table structure for table `act_hi_actinst` */

DROP TABLE IF EXISTS `act_hi_actinst`;

CREATE TABLE `act_hi_actinst` (
  `ID_` varchar(64) COLLATE utf8_bin NOT NULL,
  `PROC_DEF_ID_` varchar(64) COLLATE utf8_bin NOT NULL,
  `PROC_INST_ID_` varchar(64) COLLATE utf8_bin NOT NULL,
  `EXECUTION_ID_` varchar(64) COLLATE utf8_bin NOT NULL,
  `ACT_ID_` varchar(255) COLLATE utf8_bin NOT NULL,
  `TASK_ID_` varchar(64) COLLATE utf8_bin DEFAULT NULL,
  `CALL_PROC_INST_ID_` varchar(64) COLLATE utf8_bin DEFAULT NULL,
  `ACT_NAME_` varchar(255) COLLATE utf8_bin DEFAULT NULL,
  `ACT_TYPE_` varchar(255) COLLATE utf8_bin NOT NULL,
  `ASSIGNEE_` varchar(255) COLLATE utf8_bin DEFAULT NULL,
  `START_TIME_` datetime NOT NULL,
  `END_TIME_` datetime DEFAULT NULL,
  `DURATION_` bigint(20) DEFAULT NULL,
  `TENANT_ID_` varchar(255) COLLATE utf8_bin DEFAULT '',
  PRIMARY KEY (`ID_`),
  KEY `ACT_IDX_HI_ACT_INST_START` (`START_TIME_`),
  KEY `ACT_IDX_HI_ACT_INST_END` (`END_TIME_`),
  KEY `ACT_IDX_HI_ACT_INST_PROCINST` (`PROC_INST_ID_`,`ACT_ID_`),
  KEY `ACT_IDX_HI_ACT_INST_EXEC` (`EXECUTION_ID_`,`ACT_ID_`)
) ENGINE=InnoDB DEFAULT CHARSET=utf8 COLLATE=utf8_bin;

/*Data for the table `act_hi_actinst` */

insert  into `act_hi_actinst`(`ID_`,`PROC_DEF_ID_`,`PROC_INST_ID_`,`EXECUTION_ID_`,`ACT_ID_`,`TASK_ID_`,`CALL_PROC_INST_ID_`,`ACT_NAME_`,`ACT_TYPE_`,`ASSIGNEE_`,`START_TIME_`,`END_TIME_`,`DURATION_`,`TENANT_ID_`) values ('50006','studentLeaveProcess:6:50004','50005','50005','startevent1',NULL,NULL,'Start','startEvent',NULL,'2016-10-06 16:25:59','2016-10-06 16:25:59',24,''),('50008','studentLeaveProcess:6:50004','50005','50005','usertask5','50009',NULL,'学生填写请假单','userTask',NULL,'2016-10-06 16:25:59','2016-10-06 16:26:00',1289,''),('50011','studentLeaveProcess:6:50004','50005','50005','usertask1','50012',NULL,'班长审批','userTask',NULL,'2016-10-06 16:26:00','2016-10-06 16:56:38',1838513,''),('52505','studentLeaveProcess:6:50004','50005','50005','exclusivegateway1',NULL,NULL,'Exclusive Gateway','exclusiveGateway',NULL,'2016-10-06 16:56:38','2016-10-06 16:56:38',1,''),('52506','studentLeaveProcess:6:50004','50005','50005','usertask2','52507',NULL,'班主任审批','userTask',NULL,'2016-10-06 16:56:38','2016-10-06 17:07:22',644125,''),('55003','studentLeaveProcess:6:50004','50005','50005','endevent1',NULL,NULL,'End','endEvent',NULL,'2016-10-06 17:07:22','2016-10-06 17:07:22',0,''),('57502','studentLeaveProcess:6:50004','57501','57501','startevent1',NULL,NULL,'Start','startEvent',NULL,'2016-10-06 18:18:59','2016-10-06 18:19:00',20,''),('57504','studentLeaveProcess:6:50004','57501','57501','usertask5','57505',NULL,'学生填写请假单','userTask',NULL,'2016-10-06 18:19:00','2016-10-06 18:19:00',121,''),('57507','studentLeaveProcess:6:50004','57501','57501','usertask1','57508',NULL,'班长审批','userTask',NULL,'2016-10-06 18:19:00','2016-10-06 18:26:10',430106,''),('60002','studentLeaveProcess:6:50004','60001','60001','startevent1',NULL,NULL,'Start','startEvent',NULL,'2016-10-06 18:25:20','2016-10-06 18:25:20',21,''),('60004','studentLeaveProcess:6:50004','60001','60001','usertask5','60005',NULL,'学生填写请假单','userTask',NULL,'2016-10-06 18:25:20','2016-10-06 18:25:20',867,''),('60007','studentLeaveProcess:6:50004','60001','60001','usertask1','60008',NULL,'班长审批','userTask',NULL,'2016-10-06 18:25:20','2016-10-07 15:54:01',77321284,''),('60014','studentLeaveProcess:6:50004','57501','57501','exclusivegateway1',NULL,NULL,'Exclusive Gateway','exclusiveGateway',NULL,'2016-10-06 18:26:10','2016-10-06 18:26:10',0,''),('60015','studentLeaveProcess:6:50004','57501','57501','usertask3','60016',NULL,'系辅导员审批','userTask',NULL,'2016-10-06 18:26:10',NULL,NULL,''),('62502','studentLeaveProcess:6:50004','62501','62501','startevent1',NULL,NULL,'Start','startEvent',NULL,'2016-10-07 13:37:47','2016-10-07 13:37:48',24,''),('62504','studentLeaveProcess:6:50004','62501','62501','usertask5','62505',NULL,'学生填写请假单','userTask',NULL,'2016-10-07 13:37:48','2016-10-07 13:37:48',172,''),('62507','studentLeaveProcess:6:50004','62501','62501','usertask1','62508',NULL,'班长审批','userTask',NULL,'2016-10-07 13:37:48','2016-10-07 16:49:43',11515847,''),('65002','studentLeaveProcess:6:50004','65001','65001','startevent1',NULL,NULL,'Start','startEvent',NULL,'2016-10-07 13:40:45','2016-10-07 13:40:45',22,''),('65004','studentLeaveProcess:6:50004','65001','65001','usertask5','65005',NULL,'学生填写请假单','userTask',NULL,'2016-10-07 13:40:45','2016-10-07 13:40:45',792,''),('65007','studentLeaveProcess:6:50004','65001','65001','usertask1','65008',NULL,'班长审批','userTask',NULL,'2016-10-07 13:40:45',NULL,NULL,''),('65011','studentLeaveProcess:6:50004','65010','65010','startevent1',NULL,NULL,'Start','startEvent',NULL,'2016-10-07 13:49:30','2016-10-07 13:49:30',2,''),('65013','studentLeaveProcess:6:50004','65010','65010','usertask5','65014',NULL,'学生填写请假单','userTask',NULL,'2016-10-07 13:49:30','2016-10-07 13:49:31',1040,''),('65016','studentLeaveProcess:6:50004','65010','65010','usertask1','65017',NULL,'班长审批','userTask',NULL,'2016-10-07 13:49:31','2016-10-07 14:02:19',768029,''),('67505','studentLeaveProcess:6:50004','65010','65010','exclusivegateway1',NULL,NULL,'Exclusive Gateway','exclusiveGateway',NULL,'2016-10-07 14:02:19','2016-10-07 14:02:19',1,''),('67506','studentLeaveProcess:6:50004','65010','65010','usertask3','67507',NULL,'系辅导员审批','userTask',NULL,'2016-10-07 14:02:19','2016-10-07 14:03:35',76994,''),('67511','studentLeaveProcess:6:50004','65010','65010','endevent1',NULL,NULL,'End','endEvent',NULL,'2016-10-07 14:03:35','2016-10-07 14:03:35',0,''),('70005','studentLeaveProcess:6:50004','60001','60001','endevent1',NULL,NULL,'End','endEvent',NULL,'2016-10-07 15:54:01','2016-10-07 15:54:01',0,''),('72505','studentLeaveProcess:6:50004','62501','62501','exclusivegateway1',NULL,NULL,'Exclusive Gateway','exclusiveGateway',NULL,'2016-10-07 16:49:43','2016-10-07 16:49:43',1,''),('72506','studentLeaveProcess:6:50004','62501','62501','usertask4','72507',NULL,'学生处审批','userTask',NULL,'2016-10-07 16:49:43','2016-10-07 16:51:22',99387,''),('72511','studentLeaveProcess:6:50004','62501','62501','endevent1',NULL,NULL,'End','endEvent',NULL,'2016-10-07 16:51:22','2016-10-07 16:51:22',0,''),('75006','studentLeaveProcess:7:75004','75005','75005','startevent1',NULL,NULL,'Start','startEvent',NULL,'2016-10-08 08:08:26','2016-10-08 08:08:26',15,''),('75008','studentLeaveProcess:7:75004','75005','75005','usertask5','75009',NULL,'学生填写请假单','userTask',NULL,'2016-10-08 08:08:26','2016-10-08 08:08:26',798,''),('75011','studentLeaveProcess:7:75004','75005','75005','usertask1','75012',NULL,'班长审批','userTask',NULL,'2016-10-08 08:08:26','2016-10-08 08:11:52',206698,''),('75018','studentLeaveProcess:7:75004','75005','75005','exclusivegateway1',NULL,NULL,'Exclusive Gateway','exclusiveGateway',NULL,'2016-10-08 08:11:52','2016-10-08 08:11:52',1,''),('75019','studentLeaveProcess:7:75004','75005','75005','usertask3','75020',NULL,'系辅导员审批','userTask',NULL,'2016-10-08 08:11:52','2016-10-08 08:13:27',95375,''),('75024','studentLeaveProcess:7:75004','75005','75005','endevent1',NULL,NULL,'End','endEvent',NULL,'2016-10-08 08:13:27','2016-10-08 08:13:27',0,'');

/*Table structure for table `act_hi_attachment` */

DROP TABLE IF EXISTS `act_hi_attachment`;

CREATE TABLE `act_hi_attachment` (
  `ID_` varchar(64) COLLATE utf8_bin NOT NULL,
  `REV_` int(11) DEFAULT NULL,
  `USER_ID_` varchar(255) COLLATE utf8_bin DEFAULT NULL,
  `NAME_` varchar(255) COLLATE utf8_bin DEFAULT NULL,
  `DESCRIPTION_` varchar(4000) COLLATE utf8_bin DEFAULT NULL,
  `TYPE_` varchar(255) COLLATE utf8_bin DEFAULT NULL,
  `TASK_ID_` varchar(64) COLLATE utf8_bin DEFAULT NULL,
  `PROC_INST_ID_` varchar(64) COLLATE utf8_bin DEFAULT NULL,
  `URL_` varchar(4000) COLLATE utf8_bin DEFAULT NULL,
  `CONTENT_ID_` varchar(64) COLLATE utf8_bin DEFAULT NULL,
  `TIME_` datetime DEFAULT NULL,
  PRIMARY KEY (`ID_`)
) ENGINE=InnoDB DEFAULT CHARSET=utf8 COLLATE=utf8_bin;

/*Data for the table `act_hi_attachment` */

/*Table structure for table `act_hi_comment` */

DROP TABLE IF EXISTS `act_hi_comment`;

CREATE TABLE `act_hi_comment` (
  `ID_` varchar(64) COLLATE utf8_bin NOT NULL,
  `TYPE_` varchar(255) COLLATE utf8_bin DEFAULT NULL,
  `TIME_` datetime NOT NULL,
  `USER_ID_` varchar(255) COLLATE utf8_bin DEFAULT NULL,
  `TASK_ID_` varchar(64) COLLATE utf8_bin DEFAULT NULL,
  `PROC_INST_ID_` varchar(64) COLLATE utf8_bin DEFAULT NULL,
  `ACTION_` varchar(255) COLLATE utf8_bin DEFAULT NULL,
  `MESSAGE_` varchar(4000) COLLATE utf8_bin DEFAULT NULL,
  `FULL_MSG_` longblob,
  PRIMARY KEY (`ID_`)
) ENGINE=InnoDB DEFAULT CHARSET=utf8 COLLATE=utf8_bin;

/*Data for the table `act_hi_comment` */

insert  into `act_hi_comment`(`ID_`,`TYPE_`,`TIME_`,`USER_ID_`,`TASK_ID_`,`PROC_INST_ID_`,`ACTION_`,`MESSAGE_`,`FULL_MSG_`) values ('52501','comment','2016-10-06 16:56:38','王八【班长】','50012','50005','AddComment','同意','ͬ'),('55001','comment','2016-10-06 17:07:22','史珍湘【班主任】','52507','50005','AddComment','同意！','ͬ⣡'),('60010','comment','2016-10-06 18:26:10','王八【班长】','57508','57501','AddComment','同意','ͬ'),('67501','comment','2016-10-07 14:02:18','王八【班长】','65017','65010','AddComment','好 同意',' ͬ'),('67509','comment','2016-10-07 14:03:35','赖月京【系辅导员】','67507','65010','AddComment','同意','ͬ'),('70001','comment','2016-10-07 15:54:01','王八【班长】','60008','60001','AddComment','不同意！','ͬ⣡'),('72501','comment','2016-10-07 16:49:43','王八【班长】','62508','62501','AddComment','好吧。同意','ðɡͬ'),('72509','comment','2016-10-07 16:51:22','杜子腾【学生处】','72507','62501','AddComment','不同意！','ͬ⣡'),('75014','comment','2016-10-08 08:11:52','王八【班长】','75012','75005','AddComment','相亲啊 同意哈','װ ͬ'),('75022','comment','2016-10-08 08:13:27','赖月京【系辅导员】','75020','75005','AddComment','同意！','ͬ⣡');

/*Table structure for table `act_hi_detail` */

DROP TABLE IF EXISTS `act_hi_detail`;

CREATE TABLE `act_hi_detail` (
  `ID_` varchar(64) COLLATE utf8_bin NOT NULL,
  `TYPE_` varchar(255) COLLATE utf8_bin NOT NULL,
  `PROC_INST_ID_` varchar(64) COLLATE utf8_bin DEFAULT NULL,
  `EXECUTION_ID_` varchar(64) COLLATE utf8_bin DEFAULT NULL,
  `TASK_ID_` varchar(64) COLLATE utf8_bin DEFAULT NULL,
  `ACT_INST_ID_` varchar(64) COLLATE utf8_bin DEFAULT NULL,
  `NAME_` varchar(255) COLLATE utf8_bin NOT NULL,
  `VAR_TYPE_` varchar(255) COLLATE utf8_bin DEFAULT NULL,
  `REV_` int(11) DEFAULT NULL,
  `TIME_` datetime NOT NULL,
  `BYTEARRAY_ID_` varchar(64) COLLATE utf8_bin DEFAULT NULL,
  `DOUBLE_` double DEFAULT NULL,
  `LONG_` bigint(20) DEFAULT NULL,
  `TEXT_` varchar(4000) COLLATE utf8_bin DEFAULT NULL,
  `TEXT2_` varchar(4000) COLLATE utf8_bin DEFAULT NULL,
  PRIMARY KEY (`ID_`),
  KEY `ACT_IDX_HI_DETAIL_PROC_INST` (`PROC_INST_ID_`),
  KEY `ACT_IDX_HI_DETAIL_ACT_INST` (`ACT_INST_ID_`),
  KEY `ACT_IDX_HI_DETAIL_TIME` (`TIME_`),
  KEY `ACT_IDX_HI_DETAIL_NAME` (`NAME_`),
  KEY `ACT_IDX_HI_DETAIL_TASK_ID` (`TASK_ID_`)
) ENGINE=InnoDB DEFAULT CHARSET=utf8 COLLATE=utf8_bin;

/*Data for the table `act_hi_detail` */

/*Table structure for table `act_hi_identitylink` */

DROP TABLE IF EXISTS `act_hi_identitylink`;

CREATE TABLE `act_hi_identitylink` (
  `ID_` varchar(64) COLLATE utf8_bin NOT NULL DEFAULT '',
  `GROUP_ID_` varchar(255) COLLATE utf8_bin DEFAULT NULL,
  `TYPE_` varchar(255) COLLATE utf8_bin DEFAULT NULL,
  `USER_ID_` varchar(255) COLLATE utf8_bin DEFAULT NULL,
  `TASK_ID_` varchar(64) COLLATE utf8_bin DEFAULT NULL,
  `PROC_INST_ID_` varchar(64) COLLATE utf8_bin DEFAULT NULL,
  PRIMARY KEY (`ID_`),
  KEY `ACT_IDX_HI_IDENT_LNK_USER` (`USER_ID_`),
  KEY `ACT_IDX_HI_IDENT_LNK_TASK` (`TASK_ID_`),
  KEY `ACT_IDX_HI_IDENT_LNK_PROCINST` (`PROC_INST_ID_`)
) ENGINE=InnoDB DEFAULT CHARSET=utf8 COLLATE=utf8_bin;

/*Data for the table `act_hi_identitylink` */

insert  into `act_hi_identitylink`(`ID_`,`GROUP_ID_`,`TYPE_`,`USER_ID_`,`TASK_ID_`,`PROC_INST_ID_`) values ('50010','xs','candidate',NULL,'50009',NULL),('50013','bz','candidate',NULL,'50012',NULL),('52504',NULL,'participant','王八【班长】',NULL,'50005'),('52508','bzr','candidate',NULL,'52507',NULL),('55002',NULL,'participant','史珍湘【班主任】',NULL,'50005'),('57506','xs','candidate',NULL,'57505',NULL),('57509','bz','candidate',NULL,'57508',NULL),('60006','xs','candidate',NULL,'60005',NULL),('60009','bz','candidate',NULL,'60008',NULL),('60013',NULL,'participant','王八【班长】',NULL,'57501'),('60017','xfdy','candidate',NULL,'60016',NULL),('62506','xs','candidate',NULL,'62505',NULL),('62509','bz','candidate',NULL,'62508',NULL),('65006','xs','candidate',NULL,'65005',NULL),('65009','bz','candidate',NULL,'65008',NULL),('65015','xs','candidate',NULL,'65014',NULL),('65018','bz','candidate',NULL,'65017',NULL),('67504',NULL,'participant','王八【班长】',NULL,'65010'),('67508','xfdy','candidate',NULL,'67507',NULL),('67510',NULL,'participant','赖月京【系辅导员】',NULL,'65010'),('70004',NULL,'participant','王八【班长】',NULL,'60001'),('72504',NULL,'participant','王八【班长】',NULL,'62501'),('72508','xsc','candidate',NULL,'72507',NULL),('72510',NULL,'participant','杜子腾【学生处】',NULL,'62501'),('75010','xs','candidate',NULL,'75009',NULL),('75013','bz','candidate',NULL,'75012',NULL),('75017',NULL,'participant','王八【班长】',NULL,'75005'),('75021','xfdy','candidate',NULL,'75020',NULL),('75023',NULL,'participant','赖月京【系辅导员】',NULL,'75005');

/*Table structure for table `act_hi_procinst` */

DROP TABLE IF EXISTS `act_hi_procinst`;

CREATE TABLE `act_hi_procinst` (
  `ID_` varchar(64) COLLATE utf8_bin NOT NULL,
  `PROC_INST_ID_` varchar(64) COLLATE utf8_bin NOT NULL,
  `BUSINESS_KEY_` varchar(255) COLLATE utf8_bin DEFAULT NULL,
  `PROC_DEF_ID_` varchar(64) COLLATE utf8_bin NOT NULL,
  `START_TIME_` datetime NOT NULL,
  `END_TIME_` datetime DEFAULT NULL,
  `DURATION_` bigint(20) DEFAULT NULL,
  `START_USER_ID_` varchar(255) COLLATE utf8_bin DEFAULT NULL,
  `START_ACT_ID_` varchar(255) COLLATE utf8_bin DEFAULT NULL,
  `END_ACT_ID_` varchar(255) COLLATE utf8_bin DEFAULT NULL,
  `SUPER_PROCESS_INSTANCE_ID_` varchar(64) COLLATE utf8_bin DEFAULT NULL,
  `DELETE_REASON_` varchar(4000) COLLATE utf8_bin DEFAULT NULL,
  `TENANT_ID_` varchar(255) COLLATE utf8_bin DEFAULT '',
  `NAME_` varchar(255) COLLATE utf8_bin DEFAULT NULL,
  PRIMARY KEY (`ID_`),
  UNIQUE KEY `PROC_INST_ID_` (`PROC_INST_ID_`),
  KEY `ACT_IDX_HI_PRO_INST_END` (`END_TIME_`),
  KEY `ACT_IDX_HI_PRO_I_BUSKEY` (`BUSINESS_KEY_`)
) ENGINE=InnoDB DEFAULT CHARSET=utf8 COLLATE=utf8_bin;

/*Data for the table `act_hi_procinst` */

insert  into `act_hi_procinst`(`ID_`,`PROC_INST_ID_`,`BUSINESS_KEY_`,`PROC_DEF_ID_`,`START_TIME_`,`END_TIME_`,`DURATION_`,`START_USER_ID_`,`START_ACT_ID_`,`END_ACT_ID_`,`SUPER_PROCESS_INSTANCE_ID_`,`DELETE_REASON_`,`TENANT_ID_`,`NAME_`) values ('50005','50005',NULL,'studentLeaveProcess:6:50004','2016-10-06 16:25:59','2016-10-06 17:07:22',2483128,NULL,'startevent1','endevent1',NULL,NULL,'',NULL),('57501','57501',NULL,'studentLeaveProcess:6:50004','2016-10-06 18:18:59',NULL,NULL,NULL,'startevent1',NULL,NULL,NULL,'',NULL),('60001','60001',NULL,'studentLeaveProcess:6:50004','2016-10-06 18:25:20','2016-10-07 15:54:01',77321287,NULL,'startevent1','endevent1',NULL,NULL,'',NULL),('62501','62501',NULL,'studentLeaveProcess:6:50004','2016-10-07 13:37:47','2016-10-07 16:51:22',11615389,NULL,'startevent1','endevent1',NULL,NULL,'',NULL),('65001','65001',NULL,'studentLeaveProcess:6:50004','2016-10-07 13:40:45',NULL,NULL,NULL,'startevent1',NULL,NULL,NULL,'',NULL),('65010','65010',NULL,'studentLeaveProcess:6:50004','2016-10-07 13:49:30','2016-10-07 14:03:35',845997,NULL,'startevent1','endevent1',NULL,NULL,'',NULL),('75005','75005',NULL,'studentLeaveProcess:7:75004','2016-10-08 08:08:26','2016-10-08 08:13:27',301378,NULL,'startevent1','endevent1',NULL,NULL,'',NULL);

/*Table structure for table `act_hi_taskinst` */

DROP TABLE IF EXISTS `act_hi_taskinst`;

CREATE TABLE `act_hi_taskinst` (
  `ID_` varchar(64) COLLATE utf8_bin NOT NULL,
  `PROC_DEF_ID_` varchar(64) COLLATE utf8_bin DEFAULT NULL,
  `TASK_DEF_KEY_` varchar(255) COLLATE utf8_bin DEFAULT NULL,
  `PROC_INST_ID_` varchar(64) COLLATE utf8_bin DEFAULT NULL,
  `EXECUTION_ID_` varchar(64) COLLATE utf8_bin DEFAULT NULL,
  `NAME_` varchar(255) COLLATE utf8_bin DEFAULT NULL,
  `PARENT_TASK_ID_` varchar(64) COLLATE utf8_bin DEFAULT NULL,
  `DESCRIPTION_` varchar(4000) COLLATE utf8_bin DEFAULT NULL,
  `OWNER_` varchar(255) COLLATE utf8_bin DEFAULT NULL,
  `ASSIGNEE_` varchar(255) COLLATE utf8_bin DEFAULT NULL,
  `START_TIME_` datetime NOT NULL,
  `CLAIM_TIME_` datetime DEFAULT NULL,
  `END_TIME_` datetime DEFAULT NULL,
  `DURATION_` bigint(20) DEFAULT NULL,
  `DELETE_REASON_` varchar(4000) COLLATE utf8_bin DEFAULT NULL,
  `PRIORITY_` int(11) DEFAULT NULL,
  `DUE_DATE_` datetime DEFAULT NULL,
  `FORM_KEY_` varchar(255) COLLATE utf8_bin DEFAULT NULL,
  `CATEGORY_` varchar(255) COLLATE utf8_bin DEFAULT NULL,
  `TENANT_ID_` varchar(255) COLLATE utf8_bin DEFAULT '',
  PRIMARY KEY (`ID_`),
  KEY `ACT_IDX_HI_TASK_INST_PROCINST` (`PROC_INST_ID_`)
) ENGINE=InnoDB DEFAULT CHARSET=utf8 COLLATE=utf8_bin;

/*Data for the table `act_hi_taskinst` */

insert  into `act_hi_taskinst`(`ID_`,`PROC_DEF_ID_`,`TASK_DEF_KEY_`,`PROC_INST_ID_`,`EXECUTION_ID_`,`NAME_`,`PARENT_TASK_ID_`,`DESCRIPTION_`,`OWNER_`,`ASSIGNEE_`,`START_TIME_`,`CLAIM_TIME_`,`END_TIME_`,`DURATION_`,`DELETE_REASON_`,`PRIORITY_`,`DUE_DATE_`,`FORM_KEY_`,`CATEGORY_`,`TENANT_ID_`) values ('50009','studentLeaveProcess:6:50004','usertask5','50005','50005','学生填写请假单',NULL,NULL,NULL,NULL,'2016-10-06 16:25:59',NULL,'2016-10-06 16:26:00',1245,'completed',50,NULL,NULL,NULL,''),('50012','studentLeaveProcess:6:50004','usertask1','50005','50005','班长审批',NULL,NULL,NULL,NULL,'2016-10-06 16:26:00',NULL,'2016-10-06 16:56:38',1838491,'completed',50,NULL,'audit_bz.jsp',NULL,''),('52507','studentLeaveProcess:6:50004','usertask2','50005','50005','班主任审批',NULL,NULL,NULL,NULL,'2016-10-06 16:56:38',NULL,'2016-10-06 17:07:22',644113,'completed',50,NULL,'audit_ld.jsp',NULL,''),('57505','studentLeaveProcess:6:50004','usertask5','57501','57501','学生填写请假单',NULL,NULL,NULL,NULL,'2016-10-06 18:19:00',NULL,'2016-10-06 18:19:00',103,'completed',50,NULL,NULL,NULL,''),('57508','studentLeaveProcess:6:50004','usertask1','57501','57501','班长审批',NULL,NULL,NULL,NULL,'2016-10-06 18:19:00',NULL,'2016-10-06 18:26:10',430090,'completed',50,NULL,'audit_bz.jsp',NULL,''),('60005','studentLeaveProcess:6:50004','usertask5','60001','60001','学生填写请假单',NULL,NULL,NULL,NULL,'2016-10-06 18:25:20',NULL,'2016-10-06 18:25:20',854,'completed',50,NULL,NULL,NULL,''),('60008','studentLeaveProcess:6:50004','usertask1','60001','60001','班长审批',NULL,NULL,NULL,NULL,'2016-10-06 18:25:20',NULL,'2016-10-07 15:54:01',77321259,'completed',50,NULL,'audit_bz.jsp',NULL,''),('60016','studentLeaveProcess:6:50004','usertask3','57501','57501','系辅导员审批',NULL,NULL,NULL,NULL,'2016-10-06 18:26:10',NULL,NULL,NULL,NULL,50,NULL,'audit_ld.jsp',NULL,''),('62505','studentLeaveProcess:6:50004','usertask5','62501','62501','学生填写请假单',NULL,NULL,NULL,NULL,'2016-10-07 13:37:48',NULL,'2016-10-07 13:37:48',145,'completed',50,NULL,NULL,NULL,''),('62508','studentLeaveProcess:6:50004','usertask1','62501','62501','班长审批',NULL,NULL,NULL,NULL,'2016-10-07 13:37:48',NULL,'2016-10-07 16:49:43',11515821,'completed',50,NULL,'audit_bz.jsp',NULL,''),('65005','studentLeaveProcess:6:50004','usertask5','65001','65001','学生填写请假单',NULL,NULL,NULL,NULL,'2016-10-07 13:40:45',NULL,'2016-10-07 13:40:45',777,'completed',50,NULL,NULL,NULL,''),('65008','studentLeaveProcess:6:50004','usertask1','65001','65001','班长审批',NULL,NULL,NULL,NULL,'2016-10-07 13:40:45',NULL,NULL,NULL,NULL,50,NULL,'audit_bz.jsp',NULL,''),('65014','studentLeaveProcess:6:50004','usertask5','65010','65010','学生填写请假单',NULL,NULL,NULL,NULL,'2016-10-07 13:49:30',NULL,'2016-10-07 13:49:31',1035,'completed',50,NULL,NULL,NULL,''),('65017','studentLeaveProcess:6:50004','usertask1','65010','65010','班长审批',NULL,NULL,NULL,NULL,'2016-10-07 13:49:31',NULL,'2016-10-07 14:02:18',767990,'completed',50,NULL,'audit_bz.jsp',NULL,''),('67507','studentLeaveProcess:6:50004','usertask3','65010','65010','系辅导员审批',NULL,NULL,NULL,NULL,'2016-10-07 14:02:19',NULL,'2016-10-07 14:03:35',76989,'completed',50,NULL,'audit_ld.jsp',NULL,''),('72507','studentLeaveProcess:6:50004','usertask4','62501','62501','学生处审批',NULL,NULL,NULL,NULL,'2016-10-07 16:49:43',NULL,'2016-10-07 16:51:22',99383,'completed',50,NULL,'audit_ld.jsp',NULL,''),('75009','studentLeaveProcess:7:75004','usertask5','75005','75005','学生填写请假单',NULL,NULL,NULL,NULL,'2016-10-08 08:08:26',NULL,'2016-10-08 08:08:26',792,'completed',50,NULL,NULL,NULL,''),('75012','studentLeaveProcess:7:75004','usertask1','75005','75005','班长审批',NULL,NULL,NULL,NULL,'2016-10-08 08:08:26',NULL,'2016-10-08 08:11:52',206671,'completed',50,NULL,'audit_bz.jsp',NULL,''),('75020','studentLeaveProcess:7:75004','usertask3','75005','75005','系辅导员审批',NULL,NULL,NULL,NULL,'2016-10-08 08:11:52',NULL,'2016-10-08 08:13:27',95367,'completed',50,NULL,'audit_ld.jsp',NULL,'');

/*Table structure for table `act_hi_varinst` */

DROP TABLE IF EXISTS `act_hi_varinst`;

CREATE TABLE `act_hi_varinst` (
  `ID_` varchar(64) COLLATE utf8_bin NOT NULL,
  `PROC_INST_ID_` varchar(64) COLLATE utf8_bin DEFAULT NULL,
  `EXECUTION_ID_` varchar(64) COLLATE utf8_bin DEFAULT NULL,
  `TASK_ID_` varchar(64) COLLATE utf8_bin DEFAULT NULL,
  `NAME_` varchar(255) COLLATE utf8_bin NOT NULL,
  `VAR_TYPE_` varchar(100) COLLATE utf8_bin DEFAULT NULL,
  `REV_` int(11) DEFAULT NULL,
  `BYTEARRAY_ID_` varchar(64) COLLATE utf8_bin DEFAULT NULL,
  `DOUBLE_` double DEFAULT NULL,
  `LONG_` bigint(20) DEFAULT NULL,
  `TEXT_` varchar(4000) COLLATE utf8_bin DEFAULT NULL,
  `TEXT2_` varchar(4000) COLLATE utf8_bin DEFAULT NULL,
  `CREATE_TIME_` datetime DEFAULT NULL,
  `LAST_UPDATED_TIME_` datetime DEFAULT NULL,
  PRIMARY KEY (`ID_`),
  KEY `ACT_IDX_HI_PROCVAR_PROC_INST` (`PROC_INST_ID_`),
  KEY `ACT_IDX_HI_PROCVAR_NAME_TYPE` (`NAME_`,`VAR_TYPE_`),
  KEY `ACT_IDX_HI_PROCVAR_TASK_ID` (`TASK_ID_`)
) ENGINE=InnoDB DEFAULT CHARSET=utf8 COLLATE=utf8_bin;

/*Data for the table `act_hi_varinst` */

insert  into `act_hi_varinst`(`ID_`,`PROC_INST_ID_`,`EXECUTION_ID_`,`TASK_ID_`,`NAME_`,`VAR_TYPE_`,`REV_`,`BYTEARRAY_ID_`,`DOUBLE_`,`LONG_`,`TEXT_`,`TEXT2_`,`CREATE_TIME_`,`LAST_UPDATED_TIME_`) values ('50007','50005','50005',NULL,'leaveId','integer',1,NULL,NULL,18,'18',NULL,'2016-10-06 16:25:59','2016-10-06 17:07:22'),('52502','50005','50005',NULL,'msg','string',1,NULL,NULL,NULL,'通过',NULL,'2016-10-06 16:56:38','2016-10-06 17:07:22'),('52503','50005','50005',NULL,'days','integer',1,NULL,NULL,2,'2',NULL,'2016-10-06 16:56:38','2016-10-06 17:07:22'),('57503','57501','57501',NULL,'leaveId','integer',0,NULL,NULL,19,'19',NULL,'2016-10-06 18:18:59','2016-10-06 18:18:59'),('60003','60001','60001',NULL,'leaveId','integer',1,NULL,NULL,20,'20',NULL,'2016-10-06 18:25:20','2016-10-07 15:54:01'),('60011','57501','57501',NULL,'msg','string',0,NULL,NULL,NULL,'通过',NULL,'2016-10-06 18:26:10','2016-10-06 18:26:10'),('60012','57501','57501',NULL,'days','integer',0,NULL,NULL,6,'6',NULL,'2016-10-06 18:26:10','2016-10-06 18:26:10'),('62503','62501','62501',NULL,'leaveId','integer',1,NULL,NULL,21,'21',NULL,'2016-10-07 13:37:47','2016-10-07 16:51:22'),('65003','65001','65001',NULL,'leaveId','integer',0,NULL,NULL,22,'22',NULL,'2016-10-07 13:40:45','2016-10-07 13:40:45'),('65012','65010','65010',NULL,'leaveId','integer',1,NULL,NULL,23,'23',NULL,'2016-10-07 13:49:30','2016-10-07 14:03:36'),('67502','65010','65010',NULL,'msg','string',1,NULL,NULL,NULL,'通过',NULL,'2016-10-07 14:02:18','2016-10-07 14:03:36'),('67503','65010','65010',NULL,'days','integer',1,NULL,NULL,4,'4',NULL,'2016-10-07 14:02:18','2016-10-07 14:03:36'),('70002','60001','60001',NULL,'msg','string',0,NULL,NULL,NULL,'未通过',NULL,'2016-10-07 15:54:01','2016-10-07 15:54:01'),('70003','60001','60001',NULL,'days','integer',0,NULL,NULL,4,'4',NULL,'2016-10-07 15:54:01','2016-10-07 15:54:01'),('72502','62501','62501',NULL,'msg','string',1,NULL,NULL,NULL,'通过',NULL,'2016-10-07 16:49:43','2016-10-07 16:51:22'),('72503','62501','62501',NULL,'days','integer',1,NULL,NULL,9,'9',NULL,'2016-10-07 16:49:43','2016-10-07 16:51:22'),('75007','75005','75005',NULL,'leaveId','integer',1,NULL,NULL,24,'24',NULL,'2016-10-08 08:08:26','2016-10-08 08:13:27'),('75015','75005','75005',NULL,'msg','string',1,NULL,NULL,NULL,'通过',NULL,'2016-10-08 08:11:52','2016-10-08 08:13:27'),('75016','75005','75005',NULL,'days','integer',1,NULL,NULL,5,'5',NULL,'2016-10-08 08:11:52','2016-10-08 08:13:27');

/*Table structure for table `act_id_group` */

DROP TABLE IF EXISTS `act_id_group`;

CREATE TABLE `act_id_group` (
  `ID_` varchar(64) COLLATE utf8_bin NOT NULL DEFAULT '',
  `REV_` int(11) DEFAULT NULL,
  `NAME_` varchar(255) COLLATE utf8_bin DEFAULT NULL,
  `TYPE_` varchar(255) COLLATE utf8_bin DEFAULT NULL,
  PRIMARY KEY (`ID_`)
) ENGINE=InnoDB DEFAULT CHARSET=utf8 COLLATE=utf8_bin;

/*Data for the table `act_id_group` */

insert  into `act_id_group`(`ID_`,`REV_`,`NAME_`,`TYPE_`) values ('bz',NULL,'班长',NULL),('bzr',NULL,'班主任',NULL),('gly',NULL,'管理员',NULL),('xfdy',NULL,'系辅导员',NULL),('xs',NULL,'学生',NULL),('xsc',NULL,'学生处',NULL);

/*Table structure for table `act_id_info` */

DROP TABLE IF EXISTS `act_id_info`;

CREATE TABLE `act_id_info` (
  `ID_` varchar(64) COLLATE utf8_bin NOT NULL DEFAULT '',
  `REV_` int(11) DEFAULT NULL,
  `USER_ID_` varchar(64) COLLATE utf8_bin DEFAULT NULL,
  `TYPE_` varchar(64) COLLATE utf8_bin DEFAULT NULL,
  `KEY_` varchar(255) COLLATE utf8_bin DEFAULT NULL,
  `VALUE_` varchar(255) COLLATE utf8_bin DEFAULT NULL,
  `PASSWORD_` longblob,
  `PARENT_ID_` varchar(255) COLLATE utf8_bin DEFAULT NULL,
  PRIMARY KEY (`ID_`)
) ENGINE=InnoDB DEFAULT CHARSET=utf8 COLLATE=utf8_bin;

/*Data for the table `act_id_info` */

/*Table structure for table `act_id_membership` */

DROP TABLE IF EXISTS `act_id_membership`;

CREATE TABLE `act_id_membership` (
  `USER_ID_` varchar(64) COLLATE utf8_bin NOT NULL DEFAULT '',
  `GROUP_ID_` varchar(64) COLLATE utf8_bin NOT NULL DEFAULT '',
  PRIMARY KEY (`USER_ID_`,`GROUP_ID_`),
  KEY `ACT_FK_MEMB_GROUP` (`GROUP_ID_`),
  CONSTRAINT `ACT_FK_MEMB_GROUP` FOREIGN KEY (`GROUP_ID_`) REFERENCES `act_id_group` (`ID_`),
  CONSTRAINT `ACT_FK_MEMB_USER` FOREIGN KEY (`USER_ID_`) REFERENCES `act_id_user` (`ID_`)
) ENGINE=InnoDB DEFAULT CHARSET=utf8 COLLATE=utf8_bin;

/*Data for the table `act_id_membership` */

insert  into `act_id_membership`(`USER_ID_`,`GROUP_ID_`) values ('cc2','bz'),('wangba','bz'),('szx','bzr'),('sjb','gly'),('ss','gly'),('lyj','xfdy'),('cc2','xs'),('lisi','xs'),('ss','xs'),('wangba','xs'),('zhangsan','xs'),('dzt','xsc');

/*Table structure for table `act_id_user` */

DROP TABLE IF EXISTS `act_id_user`;

CREATE TABLE `act_id_user` (
  `ID_` varchar(64) COLLATE utf8_bin NOT NULL DEFAULT '',
  `REV_` int(11) DEFAULT NULL,
  `FIRST_` varchar(255) COLLATE utf8_bin DEFAULT NULL,
  `LAST_` varchar(255) COLLATE utf8_bin DEFAULT NULL,
  `EMAIL_` varchar(255) COLLATE utf8_bin DEFAULT NULL,
  `PWD_` varchar(255) COLLATE utf8_bin DEFAULT NULL,
  `PICTURE_ID_` varchar(64) COLLATE utf8_bin DEFAULT NULL,
  PRIMARY KEY (`ID_`)
) ENGINE=InnoDB DEFAULT CHARSET=utf8 COLLATE=utf8_bin;

/*Data for the table `act_id_user` */

insert  into `act_id_user`(`ID_`,`REV_`,`FIRST_`,`LAST_`,`EMAIL_`,`PWD_`,`PICTURE_ID_`) values ('cc2',NULL,'王','二小','sds@qq.com','12',NULL),('dzt',NULL,'杜','子腾','123@qq.com','123',NULL),('lisi',NULL,'李','四','123@qq.com','1',NULL),('lyj',NULL,'赖','月京','123@qq.com','123',NULL),('sjb',NULL,'沈','静斌','123@qq.com','123',NULL),('ss',NULL,'sd','sd','sds@qq.com','d',NULL),('szx',NULL,'史','珍湘','123@qq.com','123',NULL),('wangba',NULL,'王','八','123@qq.com','123',NULL),('zhangsan',NULL,'张','三','123@qq.com','123',NULL);

/*Table structure for table `act_procdef_info` */

DROP TABLE IF EXISTS `act_procdef_info`;

CREATE TABLE `act_procdef_info` (
  `ID_` varchar(64) COLLATE utf8_bin NOT NULL,
  `PROC_DEF_ID_` varchar(64) COLLATE utf8_bin NOT NULL,
  `REV_` int(11) DEFAULT NULL,
  `INFO_JSON_ID_` varchar(64) COLLATE utf8_bin DEFAULT NULL,
  PRIMARY KEY (`ID_`),
  UNIQUE KEY `ACT_UNIQ_INFO_PROCDEF` (`PROC_DEF_ID_`),
  KEY `ACT_IDX_INFO_PROCDEF` (`PROC_DEF_ID_`),
  KEY `ACT_FK_INFO_JSON_BA` (`INFO_JSON_ID_`),
  CONSTRAINT `ACT_FK_INFO_JSON_BA` FOREIGN KEY (`INFO_JSON_ID_`) REFERENCES `act_ge_bytearray` (`ID_`),
  CONSTRAINT `ACT_FK_INFO_PROCDEF` FOREIGN KEY (`PROC_DEF_ID_`) REFERENCES `act_re_procdef` (`ID_`)
) ENGINE=InnoDB DEFAULT CHARSET=utf8 COLLATE=utf8_bin;

/*Data for the table `act_procdef_info` */

/*Table structure for table `act_re_deployment` */

DROP TABLE IF EXISTS `act_re_deployment`;

CREATE TABLE `act_re_deployment` (
  `ID_` varchar(64) COLLATE utf8_bin NOT NULL DEFAULT '',
  `NAME_` varchar(255) COLLATE utf8_bin DEFAULT NULL,
  `CATEGORY_` varchar(255) COLLATE utf8_bin DEFAULT NULL,
  `TENANT_ID_` varchar(255) COLLATE utf8_bin DEFAULT '',
  `DEPLOY_TIME_` timestamp NULL DEFAULT NULL,
  PRIMARY KEY (`ID_`)
) ENGINE=InnoDB DEFAULT CHARSET=utf8 COLLATE=utf8_bin;

/*Data for the table `act_re_deployment` */

insert  into `act_re_deployment`(`ID_`,`NAME_`,`CATEGORY_`,`TENANT_ID_`,`DEPLOY_TIME_`) values ('1','学生请假流程01.zip',NULL,'','2016-10-02 16:18:59'),('2501','学生请假流程03.zip',NULL,'','2016-10-02 16:26:15'),('32501','学生请假流程04.zip',NULL,'','2016-10-05 12:37:15'),('42501','学生请假流程06.zip',NULL,'','2016-10-05 13:48:19'),('5','学生请假流程02.zip',NULL,'','2016-10-02 16:19:16'),('50001','学生请假流程07.zip',NULL,'','2016-10-06 16:21:43'),('75001','学生请假流程测试.zip',NULL,'','2016-10-08 08:03:18');

/*Table structure for table `act_re_model` */

DROP TABLE IF EXISTS `act_re_model`;

CREATE TABLE `act_re_model` (
  `ID_` varchar(64) COLLATE utf8_bin NOT NULL,
  `REV_` int(11) DEFAULT NULL,
  `NAME_` varchar(255) COLLATE utf8_bin DEFAULT NULL,
  `KEY_` varchar(255) COLLATE utf8_bin DEFAULT NULL,
  `CATEGORY_` varchar(255) COLLATE utf8_bin DEFAULT NULL,
  `CREATE_TIME_` timestamp NULL DEFAULT NULL,
  `LAST_UPDATE_TIME_` timestamp NULL DEFAULT NULL,
  `VERSION_` int(11) DEFAULT NULL,
  `META_INFO_` varchar(4000) COLLATE utf8_bin DEFAULT NULL,
  `DEPLOYMENT_ID_` varchar(64) COLLATE utf8_bin DEFAULT NULL,
  `EDITOR_SOURCE_VALUE_ID_` varchar(64) COLLATE utf8_bin DEFAULT NULL,
  `EDITOR_SOURCE_EXTRA_VALUE_ID_` varchar(64) COLLATE utf8_bin DEFAULT NULL,
  `TENANT_ID_` varchar(255) COLLATE utf8_bin DEFAULT '',
  PRIMARY KEY (`ID_`),
  KEY `ACT_FK_MODEL_SOURCE` (`EDITOR_SOURCE_VALUE_ID_`),
  KEY `ACT_FK_MODEL_SOURCE_EXTRA` (`EDITOR_SOURCE_EXTRA_VALUE_ID_`),
  KEY `ACT_FK_MODEL_DEPLOYMENT` (`DEPLOYMENT_ID_`),
  CONSTRAINT `ACT_FK_MODEL_DEPLOYMENT` FOREIGN KEY (`DEPLOYMENT_ID_`) REFERENCES `act_re_deployment` (`ID_`),
  CONSTRAINT `ACT_FK_MODEL_SOURCE` FOREIGN KEY (`EDITOR_SOURCE_VALUE_ID_`) REFERENCES `act_ge_bytearray` (`ID_`),
  CONSTRAINT `ACT_FK_MODEL_SOURCE_EXTRA` FOREIGN KEY (`EDITOR_SOURCE_EXTRA_VALUE_ID_`) REFERENCES `act_ge_bytearray` (`ID_`)
) ENGINE=InnoDB DEFAULT CHARSET=utf8 COLLATE=utf8_bin;

/*Data for the table `act_re_model` */

/*Table structure for table `act_re_procdef` */

DROP TABLE IF EXISTS `act_re_procdef`;

CREATE TABLE `act_re_procdef` (
  `ID_` varchar(64) COLLATE utf8_bin NOT NULL,
  `REV_` int(11) DEFAULT NULL,
  `CATEGORY_` varchar(255) COLLATE utf8_bin DEFAULT NULL,
  `NAME_` varchar(255) COLLATE utf8_bin DEFAULT NULL,
  `KEY_` varchar(255) COLLATE utf8_bin NOT NULL,
  `VERSION_` int(11) NOT NULL,
  `DEPLOYMENT_ID_` varchar(64) COLLATE utf8_bin DEFAULT NULL,
  `RESOURCE_NAME_` varchar(4000) COLLATE utf8_bin DEFAULT NULL,
  `DGRM_RESOURCE_NAME_` varchar(4000) COLLATE utf8_bin DEFAULT NULL,
  `DESCRIPTION_` varchar(4000) COLLATE utf8_bin DEFAULT NULL,
  `HAS_START_FORM_KEY_` tinyint(4) DEFAULT NULL,
  `HAS_GRAPHICAL_NOTATION_` tinyint(4) DEFAULT NULL,
  `SUSPENSION_STATE_` int(11) DEFAULT NULL,
  `TENANT_ID_` varchar(255) COLLATE utf8_bin DEFAULT '',
  PRIMARY KEY (`ID_`),
  UNIQUE KEY `ACT_UNIQ_PROCDEF` (`KEY_`,`VERSION_`,`TENANT_ID_`)
) ENGINE=InnoDB DEFAULT CHARSET=utf8 COLLATE=utf8_bin;

/*Data for the table `act_re_procdef` */

insert  into `act_re_procdef`(`ID_`,`REV_`,`CATEGORY_`,`NAME_`,`KEY_`,`VERSION_`,`DEPLOYMENT_ID_`,`RESOURCE_NAME_`,`DGRM_RESOURCE_NAME_`,`DESCRIPTION_`,`HAS_START_FORM_KEY_`,`HAS_GRAPHICAL_NOTATION_`,`SUSPENSION_STATE_`,`TENANT_ID_`) values ('studentLeaveProcess:1:4',1,'http://www.activiti.org/test','Student Leave process','studentLeaveProcess',1,'1','StudentLeaveProcess.bpmn','StudentLeaveProcess.png',NULL,0,1,1,''),('studentLeaveProcess:2:8',1,'http://www.activiti.org/test','Student Leave process','studentLeaveProcess',2,'5','StudentLeaveProcess.bpmn','StudentLeaveProcess.png',NULL,0,1,1,''),('studentLeaveProcess:3:2504',1,'http://www.activiti.org/test','Student Leave process','studentLeaveProcess',3,'2501','StudentLeaveProcess.bpmn','StudentLeaveProcess.png',NULL,0,1,1,''),('studentLeaveProcess:4:32504',1,'http://www.activiti.org/test','Student Leave process','studentLeaveProcess',4,'32501','StudentLeaveProcess.bpmn','StudentLeaveProcess.png',NULL,0,1,1,''),('studentLeaveProcess:5:42504',1,'http://www.activiti.org/test','Student Leave process','studentLeaveProcess',5,'42501','StudentLeaveProcess.bpmn','StudentLeaveProcess.png',NULL,0,1,1,''),('studentLeaveProcess:6:50004',1,'http://www.activiti.org/test','Student Leave process','studentLeaveProcess',6,'50001','StudentLeaveProcess.bpmn','StudentLeaveProcess.png',NULL,0,1,1,''),('studentLeaveProcess:7:75004',1,'http://www.activiti.org/test','Student Leave process','studentLeaveProcess',7,'75001','StudentLeaveProcess.bpmn','StudentLeaveProcess.png',NULL,0,1,1,'');

/*Table structure for table `act_ru_event_subscr` */

DROP TABLE IF EXISTS `act_ru_event_subscr`;

CREATE TABLE `act_ru_event_subscr` (
  `ID_` varchar(64) COLLATE utf8_bin NOT NULL,
  `REV_` int(11) DEFAULT NULL,
  `EVENT_TYPE_` varchar(255) COLLATE utf8_bin NOT NULL,
  `EVENT_NAME_` varchar(255) COLLATE utf8_bin DEFAULT NULL,
  `EXECUTION_ID_` varchar(64) COLLATE utf8_bin DEFAULT NULL,
  `PROC_INST_ID_` varchar(64) COLLATE utf8_bin DEFAULT NULL,
  `ACTIVITY_ID_` varchar(64) COLLATE utf8_bin DEFAULT NULL,
  `CONFIGURATION_` varchar(255) COLLATE utf8_bin DEFAULT NULL,
  `CREATED_` timestamp NOT NULL DEFAULT CURRENT_TIMESTAMP,
  `PROC_DEF_ID_` varchar(64) COLLATE utf8_bin DEFAULT NULL,
  `TENANT_ID_` varchar(255) COLLATE utf8_bin DEFAULT '',
  PRIMARY KEY (`ID_`),
  KEY `ACT_IDX_EVENT_SUBSCR_CONFIG_` (`CONFIGURATION_`),
  KEY `ACT_FK_EVENT_EXEC` (`EXECUTION_ID_`),
  CONSTRAINT `ACT_FK_EVENT_EXEC` FOREIGN KEY (`EXECUTION_ID_`) REFERENCES `act_ru_execution` (`ID_`)
) ENGINE=InnoDB DEFAULT CHARSET=utf8 COLLATE=utf8_bin;

/*Data for the table `act_ru_event_subscr` */

/*Table structure for table `act_ru_execution` */

DROP TABLE IF EXISTS `act_ru_execution`;

CREATE TABLE `act_ru_execution` (
  `ID_` varchar(64) COLLATE utf8_bin NOT NULL DEFAULT '',
  `REV_` int(11) DEFAULT NULL,
  `PROC_INST_ID_` varchar(64) COLLATE utf8_bin DEFAULT NULL,
  `BUSINESS_KEY_` varchar(255) COLLATE utf8_bin DEFAULT NULL,
  `PARENT_ID_` varchar(64) COLLATE utf8_bin DEFAULT NULL,
  `PROC_DEF_ID_` varchar(64) COLLATE utf8_bin DEFAULT NULL,
  `SUPER_EXEC_` varchar(64) COLLATE utf8_bin DEFAULT NULL,
  `ACT_ID_` varchar(255) COLLATE utf8_bin DEFAULT NULL,
  `IS_ACTIVE_` tinyint(4) DEFAULT NULL,
  `IS_CONCURRENT_` tinyint(4) DEFAULT NULL,
  `IS_SCOPE_` tinyint(4) DEFAULT NULL,
  `IS_EVENT_SCOPE_` tinyint(4) DEFAULT NULL,
  `SUSPENSION_STATE_` int(11) DEFAULT NULL,
  `CACHED_ENT_STATE_` int(11) DEFAULT NULL,
  `TENANT_ID_` varchar(255) COLLATE utf8_bin DEFAULT '',
  `NAME_` varchar(255) COLLATE utf8_bin DEFAULT NULL,
  `LOCK_TIME_` timestamp NULL DEFAULT NULL,
  PRIMARY KEY (`ID_`),
  KEY `ACT_IDX_EXEC_BUSKEY` (`BUSINESS_KEY_`),
  KEY `ACT_FK_EXE_PROCINST` (`PROC_INST_ID_`),
  KEY `ACT_FK_EXE_PARENT` (`PARENT_ID_`),
  KEY `ACT_FK_EXE_SUPER` (`SUPER_EXEC_`),
  KEY `ACT_FK_EXE_PROCDEF` (`PROC_DEF_ID_`),
  CONSTRAINT `ACT_FK_EXE_PARENT` FOREIGN KEY (`PARENT_ID_`) REFERENCES `act_ru_execution` (`ID_`),
  CONSTRAINT `ACT_FK_EXE_PROCDEF` FOREIGN KEY (`PROC_DEF_ID_`) REFERENCES `act_re_procdef` (`ID_`),
  CONSTRAINT `ACT_FK_EXE_PROCINST` FOREIGN KEY (`PROC_INST_ID_`) REFERENCES `act_ru_execution` (`ID_`) ON DELETE CASCADE ON UPDATE CASCADE,
  CONSTRAINT `ACT_FK_EXE_SUPER` FOREIGN KEY (`SUPER_EXEC_`) REFERENCES `act_ru_execution` (`ID_`)
) ENGINE=InnoDB DEFAULT CHARSET=utf8 COLLATE=utf8_bin;

/*Data for the table `act_ru_execution` */

insert  into `act_ru_execution`(`ID_`,`REV_`,`PROC_INST_ID_`,`BUSINESS_KEY_`,`PARENT_ID_`,`PROC_DEF_ID_`,`SUPER_EXEC_`,`ACT_ID_`,`IS_ACTIVE_`,`IS_CONCURRENT_`,`IS_SCOPE_`,`IS_EVENT_SCOPE_`,`SUSPENSION_STATE_`,`CACHED_ENT_STATE_`,`TENANT_ID_`,`NAME_`,`LOCK_TIME_`) values ('57501',3,'57501',NULL,NULL,'studentLeaveProcess:6:50004',NULL,'usertask3',1,0,1,0,1,2,'',NULL,NULL),('65001',2,'65001',NULL,NULL,'studentLeaveProcess:6:50004',NULL,'usertask1',1,0,1,0,1,2,'',NULL,NULL);

/*Table structure for table `act_ru_identitylink` */

DROP TABLE IF EXISTS `act_ru_identitylink`;

CREATE TABLE `act_ru_identitylink` (
  `ID_` varchar(64) COLLATE utf8_bin NOT NULL DEFAULT '',
  `REV_` int(11) DEFAULT NULL,
  `GROUP_ID_` varchar(255) COLLATE utf8_bin DEFAULT NULL,
  `TYPE_` varchar(255) COLLATE utf8_bin DEFAULT NULL,
  `USER_ID_` varchar(255) COLLATE utf8_bin DEFAULT NULL,
  `TASK_ID_` varchar(64) COLLATE utf8_bin DEFAULT NULL,
  `PROC_INST_ID_` varchar(64) COLLATE utf8_bin DEFAULT NULL,
  `PROC_DEF_ID_` varchar(64) COLLATE utf8_bin DEFAULT NULL,
  PRIMARY KEY (`ID_`),
  KEY `ACT_IDX_IDENT_LNK_USER` (`USER_ID_`),
  KEY `ACT_IDX_IDENT_LNK_GROUP` (`GROUP_ID_`),
  KEY `ACT_IDX_ATHRZ_PROCEDEF` (`PROC_DEF_ID_`),
  KEY `ACT_FK_TSKASS_TASK` (`TASK_ID_`),
  KEY `ACT_FK_IDL_PROCINST` (`PROC_INST_ID_`),
  CONSTRAINT `ACT_FK_ATHRZ_PROCEDEF` FOREIGN KEY (`PROC_DEF_ID_`) REFERENCES `act_re_procdef` (`ID_`),
  CONSTRAINT `ACT_FK_IDL_PROCINST` FOREIGN KEY (`PROC_INST_ID_`) REFERENCES `act_ru_execution` (`ID_`),
  CONSTRAINT `ACT_FK_TSKASS_TASK` FOREIGN KEY (`TASK_ID_`) REFERENCES `act_ru_task` (`ID_`)
) ENGINE=InnoDB DEFAULT CHARSET=utf8 COLLATE=utf8_bin;

/*Data for the table `act_ru_identitylink` */

insert  into `act_ru_identitylink`(`ID_`,`REV_`,`GROUP_ID_`,`TYPE_`,`USER_ID_`,`TASK_ID_`,`PROC_INST_ID_`,`PROC_DEF_ID_`) values ('60013',1,NULL,'participant','王八【班长】',NULL,'57501',NULL),('60017',1,'xfdy','candidate',NULL,'60016',NULL,NULL),('65009',1,'bz','candidate',NULL,'65008',NULL,NULL);

/*Table structure for table `act_ru_job` */

DROP TABLE IF EXISTS `act_ru_job`;

CREATE TABLE `act_ru_job` (
  `ID_` varchar(64) COLLATE utf8_bin NOT NULL,
  `REV_` int(11) DEFAULT NULL,
  `TYPE_` varchar(255) COLLATE utf8_bin NOT NULL,
  `LOCK_EXP_TIME_` timestamp NULL DEFAULT NULL,
  `LOCK_OWNER_` varchar(255) COLLATE utf8_bin DEFAULT NULL,
  `EXCLUSIVE_` tinyint(1) DEFAULT NULL,
  `EXECUTION_ID_` varchar(64) COLLATE utf8_bin DEFAULT NULL,
  `PROCESS_INSTANCE_ID_` varchar(64) COLLATE utf8_bin DEFAULT NULL,
  `PROC_DEF_ID_` varchar(64) COLLATE utf8_bin DEFAULT NULL,
  `RETRIES_` int(11) DEFAULT NULL,
  `EXCEPTION_STACK_ID_` varchar(64) COLLATE utf8_bin DEFAULT NULL,
  `EXCEPTION_MSG_` varchar(4000) COLLATE utf8_bin DEFAULT NULL,
  `DUEDATE_` timestamp NULL DEFAULT NULL,
  `REPEAT_` varchar(255) COLLATE utf8_bin DEFAULT NULL,
  `HANDLER_TYPE_` varchar(255) COLLATE utf8_bin DEFAULT NULL,
  `HANDLER_CFG_` varchar(4000) COLLATE utf8_bin DEFAULT NULL,
  `TENANT_ID_` varchar(255) COLLATE utf8_bin DEFAULT '',
  PRIMARY KEY (`ID_`),
  KEY `ACT_FK_JOB_EXCEPTION` (`EXCEPTION_STACK_ID_`),
  CONSTRAINT `ACT_FK_JOB_EXCEPTION` FOREIGN KEY (`EXCEPTION_STACK_ID_`) REFERENCES `act_ge_bytearray` (`ID_`)
) ENGINE=InnoDB DEFAULT CHARSET=utf8 COLLATE=utf8_bin;

/*Data for the table `act_ru_job` */

/*Table structure for table `act_ru_task` */

DROP TABLE IF EXISTS `act_ru_task`;

CREATE TABLE `act_ru_task` (
  `ID_` varchar(64) COLLATE utf8_bin NOT NULL DEFAULT '',
  `REV_` int(11) DEFAULT NULL,
  `EXECUTION_ID_` varchar(64) COLLATE utf8_bin DEFAULT NULL,
  `PROC_INST_ID_` varchar(64) COLLATE utf8_bin DEFAULT NULL,
  `PROC_DEF_ID_` varchar(64) COLLATE utf8_bin DEFAULT NULL,
  `NAME_` varchar(255) COLLATE utf8_bin DEFAULT NULL,
  `PARENT_TASK_ID_` varchar(64) COLLATE utf8_bin DEFAULT NULL,
  `DESCRIPTION_` varchar(4000) COLLATE utf8_bin DEFAULT NULL,
  `TASK_DEF_KEY_` varchar(255) COLLATE utf8_bin DEFAULT NULL,
  `OWNER_` varchar(255) COLLATE utf8_bin DEFAULT NULL,
  `ASSIGNEE_` varchar(255) COLLATE utf8_bin DEFAULT NULL,
  `DELEGATION_` varchar(64) COLLATE utf8_bin DEFAULT NULL,
  `PRIORITY_` int(11) DEFAULT NULL,
  `CREATE_TIME_` timestamp NULL DEFAULT NULL,
  `DUE_DATE_` datetime DEFAULT NULL,
  `CATEGORY_` varchar(255) COLLATE utf8_bin DEFAULT NULL,
  `SUSPENSION_STATE_` int(11) DEFAULT NULL,
  `TENANT_ID_` varchar(255) COLLATE utf8_bin DEFAULT '',
  `FORM_KEY_` varchar(255) COLLATE utf8_bin DEFAULT NULL,
  PRIMARY KEY (`ID_`),
  KEY `ACT_IDX_TASK_CREATE` (`CREATE_TIME_`),
  KEY `ACT_FK_TASK_EXE` (`EXECUTION_ID_`),
  KEY `ACT_FK_TASK_PROCINST` (`PROC_INST_ID_`),
  KEY `ACT_FK_TASK_PROCDEF` (`PROC_DEF_ID_`),
  CONSTRAINT `ACT_FK_TASK_EXE` FOREIGN KEY (`EXECUTION_ID_`) REFERENCES `act_ru_execution` (`ID_`),
  CONSTRAINT `ACT_FK_TASK_PROCDEF` FOREIGN KEY (`PROC_DEF_ID_`) REFERENCES `act_re_procdef` (`ID_`),
  CONSTRAINT `ACT_FK_TASK_PROCINST` FOREIGN KEY (`PROC_INST_ID_`) REFERENCES `act_ru_execution` (`ID_`)
) ENGINE=InnoDB DEFAULT CHARSET=utf8 COLLATE=utf8_bin;

/*Data for the table `act_ru_task` */

insert  into `act_ru_task`(`ID_`,`REV_`,`EXECUTION_ID_`,`PROC_INST_ID_`,`PROC_DEF_ID_`,`NAME_`,`PARENT_TASK_ID_`,`DESCRIPTION_`,`TASK_DEF_KEY_`,`OWNER_`,`ASSIGNEE_`,`DELEGATION_`,`PRIORITY_`,`CREATE_TIME_`,`DUE_DATE_`,`CATEGORY_`,`SUSPENSION_STATE_`,`TENANT_ID_`,`FORM_KEY_`) values ('60016',1,'57501','57501','studentLeaveProcess:6:50004','系辅导员审批',NULL,NULL,'usertask3',NULL,NULL,NULL,50,'2016-10-06 18:26:10',NULL,NULL,1,'','audit_ld.jsp'),('65008',1,'65001','65001','studentLeaveProcess:6:50004','班长审批',NULL,NULL,'usertask1',NULL,NULL,NULL,50,'2016-10-07 13:40:45',NULL,NULL,1,'','audit_bz.jsp');

/*Table structure for table `act_ru_variable` */

DROP TABLE IF EXISTS `act_ru_variable`;

CREATE TABLE `act_ru_variable` (
  `ID_` varchar(64) COLLATE utf8_bin NOT NULL,
  `REV_` int(11) DEFAULT NULL,
  `TYPE_` varchar(255) COLLATE utf8_bin NOT NULL,
  `NAME_` varchar(255) COLLATE utf8_bin NOT NULL,
  `EXECUTION_ID_` varchar(64) COLLATE utf8_bin DEFAULT NULL,
  `PROC_INST_ID_` varchar(64) COLLATE utf8_bin DEFAULT NULL,
  `TASK_ID_` varchar(64) COLLATE utf8_bin DEFAULT NULL,
  `BYTEARRAY_ID_` varchar(64) COLLATE utf8_bin DEFAULT NULL,
  `DOUBLE_` double DEFAULT NULL,
  `LONG_` bigint(20) DEFAULT NULL,
  `TEXT_` varchar(4000) COLLATE utf8_bin DEFAULT NULL,
  `TEXT2_` varchar(4000) COLLATE utf8_bin DEFAULT NULL,
  PRIMARY KEY (`ID_`),
  KEY `ACT_IDX_VARIABLE_TASK_ID` (`TASK_ID_`),
  KEY `ACT_FK_VAR_EXE` (`EXECUTION_ID_`),
  KEY `ACT_FK_VAR_PROCINST` (`PROC_INST_ID_`),
  KEY `ACT_FK_VAR_BYTEARRAY` (`BYTEARRAY_ID_`),
  CONSTRAINT `ACT_FK_VAR_BYTEARRAY` FOREIGN KEY (`BYTEARRAY_ID_`) REFERENCES `act_ge_bytearray` (`ID_`),
  CONSTRAINT `ACT_FK_VAR_EXE` FOREIGN KEY (`EXECUTION_ID_`) REFERENCES `act_ru_execution` (`ID_`),
  CONSTRAINT `ACT_FK_VAR_PROCINST` FOREIGN KEY (`PROC_INST_ID_`) REFERENCES `act_ru_execution` (`ID_`)
) ENGINE=InnoDB DEFAULT CHARSET=utf8 COLLATE=utf8_bin;

/*Data for the table `act_ru_variable` */

insert  into `act_ru_variable`(`ID_`,`REV_`,`TYPE_`,`NAME_`,`EXECUTION_ID_`,`PROC_INST_ID_`,`TASK_ID_`,`BYTEARRAY_ID_`,`DOUBLE_`,`LONG_`,`TEXT_`,`TEXT2_`) values ('57503',1,'integer','leaveId','57501','57501',NULL,NULL,NULL,19,'19',NULL),('60011',1,'string','msg','57501','57501',NULL,NULL,NULL,NULL,'通过',NULL),('60012',1,'integer','days','57501','57501',NULL,NULL,NULL,6,'6',NULL),('65003',1,'integer','leaveId','65001','65001',NULL,NULL,NULL,22,'22',NULL);

/*Table structure for table `t_leave` */

DROP TABLE IF EXISTS `t_leave`;

CREATE TABLE `t_leave` (
  `id` int(11) NOT NULL AUTO_INCREMENT,
  `userId` varchar(64) DEFAULT NULL,
  `leaveDate` datetime DEFAULT NULL,
  `leaveDays` int(11) DEFAULT NULL,
  `leaveReason` text,
  `state` varchar(20) DEFAULT NULL,
  `processInstanceId` varchar(50) DEFAULT NULL,
  PRIMARY KEY (`id`)
) ENGINE=InnoDB AUTO_INCREMENT=25 DEFAULT CHARSET=utf8;

/*Data for the table `t_leave` */

insert  into `t_leave`(`id`,`userId`,`leaveDate`,`leaveDays`,`leaveReason`,`state`,`processInstanceId`) values (14,'lisi','2016-10-05 14:06:41',8,'s','审核通过',NULL),(15,'lisi','2016-10-05 14:10:25',20,'回家玩','审核未通过',NULL),(16,'lisi','2016-10-05 14:12:27',20,'回家有事','审核通过',NULL),(17,'zhangsan','2016-10-05 14:14:48',11,'搜索','审核未通过',NULL),(18,'lisi','2016-10-06 16:25:57',2,'回家相亲！','审核通过','50005'),(19,'lisi','2016-10-06 18:18:57',6,'是','审核中',NULL),(20,'lisi','2016-10-06 18:25:17',4,'是','审核未通过',NULL),(21,'lisi','2016-10-07 13:37:45',9,'回家玩啊','审核未通过',NULL),(22,'lisi','2016-10-07 13:40:43',9,'121','审核中','65001'),(23,'lisi','2016-10-07 13:49:26',4,'回家看病','审核通过','65010'),(24,'lisi','2016-10-08 08:07:52',5,'回家相亲！','审核通过','75005');

/*!40101 SET SQL_MODE=@OLD_SQL_MODE */;
/*!40014 SET FOREIGN_KEY_CHECKS=@OLD_FOREIGN_KEY_CHECKS */;
/*!40014 SET UNIQUE_CHECKS=@OLD_UNIQUE_CHECKS */;
/*!40111 SET SQL_NOTES=@OLD_SQL_NOTES */;
